slug,publicacao,titulo,url,acessado_em,dominio_publico,notas
dailymed-00ee09dd,FDA DailyMed,Sildenafil (FDA DailyMed),https://dailymed.nlm.nih.gov/dailymed/drugInfo.cfm?setid=00ee09dd-2de0-4dc4-85f6-b51ed6eabd5b,,true,
dailymed-06c69e2b,FDA DailyMed,Cloroquina (FDA DailyMed),https://dailymed.nlm.nih.gov/dailymed/drugInfo.cfm?setid=06c69e2b-211b-4746-9f3a-f86d36520570,,true,
dailymed-0789baef,FDA DailyMed,Enalapril: https://dailymed.nlm.nih.gov/dailymed/drugInfo.cfm?setid=b31372f7-cda3-4ead-a481-4cde62e843fd ; rótulo aprovado Hidroclorotiazida (FDA DailyMed),https://dailymed.nlm.nih.gov/dailymed/drugInfo.cfm?setid=0789baef-3424-43ab-a3fb-4908172da565,,true,
dailymed-08500fcb,FDA DailyMed,Metformina: https://dailymed.nlm.nih.gov/dailymed/drugInfo.cfm?setid=13b1e35f-d047-8ddc-e063-6394a90a24dd ; rótulo aprovado Cotrimoxazol (FDA DailyMed),https://dailymed.nlm.nih.gov/dailymed/drugInfo.cfm?setid=08500fcb-dbec-4ac2-91c3-189d27907ec0,,true,
dailymed-09716a24,FDA DailyMed,Arteméter + Lumefantrina: https://dailymed.nlm.nih.gov/dailymed/drugInfo.cfm?setid=7866ec19-dfac-47d4-a53f-511a12643cbf ; rótulo aprovado Mefloquina (FDA DailyMed),https://dailymed.nlm.nih.gov/dailymed/drugInfo.cfm?setid=09716a24-d7da-42b2-af29-c03a1b6670bd,,true,
dailymed-09fb3100,FDA DailyMed,Fluoxetina (FDA DailyMed),https://dailymed.nlm.nih.gov/dailymed/drugInfo.cfm?setid=09fb3100-1e06-4cdc-8016-7e4f5d097490,,true,
dailymed-0cf8b567,FDA DailyMed,Alprazolam (FDA DailyMed),https://dailymed.nlm.nih.gov/dailymed/drugInfo.cfm?setid=0cf8b567-201b-44fa-8fd3-c74023aff44f,,true,
dailymed-0e6b0a2d,FDA DailyMed,Lítio (FDA DailyMed),https://dailymed.nlm.nih.gov/dailymed/drugInfo.cfm?setid=0e6b0a2d-b79c-44d8-b785-5267df9e8f72,,true,
dailymed-13b1e35f,FDA DailyMed,Glibenclamida: https://dailymed.nlm.nih.gov/dailymed/drugInfo.cfm?setid=524eec41-37ee-419a-b7a1-d23e888ae6ab ; rótulo aprovado Metformina (FDA DailyMed),https://dailymed.nlm.nih.gov/dailymed/drugInfo.cfm?setid=13b1e35f-d047-8ddc-e063-6394a90a24dd,,true,
dailymed-14515409,FDA DailyMed,Warfarina: https://dailymed.nlm.nih.gov/dailymed/drugInfo.cfm?setid=541c9a70-adaf-4ef3-94ba-ad4e70dfa057 ; rótulo aprovado Ibuprofeno (FDA DailyMed),https://dailymed.nlm.nih.gov/dailymed/drugInfo.cfm?setid=14515409-736f-4119-b6a0-cb19ee2e948e,,true,
dailymed-14c3bc33,FDA DailyMed,Antiácidos: https://dailymed.nlm.nih.gov/dailymed/drugInfo.cfm?setid=c72f0736-ee20-45b4-baf0-b80f1e3fa9cb ; rótulo aprovado Ciprofloxacina (FDA DailyMed),https://dailymed.nlm.nih.gov/dailymed/drugInfo.cfm?setid=14c3bc33-201d-492e-9aee-a4d84c813a3d,,true,
dailymed-1534c9ae,FDA DailyMed,Bedaquilina (FDA DailyMed),https://dailymed.nlm.nih.gov/dailymed/drugInfo.cfm?setid=1534c9ae-4948-4cf4-9f66-222a99db6d0e,,true,
dailymed-165cff62,FDA DailyMed,Atazanavir (FDA DailyMed),https://dailymed.nlm.nih.gov/dailymed/drugInfo.cfm?setid=165cff62-b284-4a27-a65d-9ec8a5bfcdd8,,true,
dailymed-1ed191f5,FDA DailyMed,Moxifloxacina (FDA DailyMed),https://dailymed.nlm.nih.gov/dailymed/drugInfo.cfm?setid=1ed191f5-7df5-488c-bb72-91ac0b618d9a,,true,
dailymed-1f32f05c,FDA DailyMed,Arteméter + Lumefantrina: https://dailymed.nlm.nih.gov/dailymed/drugInfo.cfm?setid=7866ec19-dfac-47d4-a53f-511a12643cbf ; rótulo aprovado Quinina (FDA DailyMed),https://dailymed.nlm.nih.gov/dailymed/drugInfo.cfm?setid=1f32f05c-a215-40be-b951-e41a7b54a8a0,,true,
dailymed-2849298e,FDA DailyMed,Ritonavir (FDA DailyMed),https://dailymed.nlm.nih.gov/dailymed/drugInfo.cfm?setid=2849298e-de6e-47bb-8194-56e075b33fc3,,true,
dailymed-34496b43,FDA DailyMed,Cloroquina: https://dailymed.nlm.nih.gov/dailymed/drugInfo.cfm?setid=06c69e2b-211b-4746-9f3a-f86d36520570 ; rótulo aprovado Hidroxicloroquina (FDA DailyMed),https://dailymed.nlm.nih.gov/dailymed/drugInfo.cfm?setid=34496b43-05a2-45fb-a769-52b12e099341,,true,
dailymed-34ce1cdd,FDA DailyMed,Praziquantel (FDA DailyMed),https://dailymed.nlm.nih.gov/dailymed/drugInfo.cfm?setid=34ce1cdd-648e-4f1e-8512-bf3d4cc22eb9,,true,
dailymed-37291cab,FDA DailyMed,Clopidogrel: https://dailymed.nlm.nih.gov/dailymed/drugInfo.cfm?setid=c9928956-bb7b-4ec2-bc38-d3c9c4199cae ; rótulo aprovado Omeprazol (FDA DailyMed),https://dailymed.nlm.nih.gov/dailymed/drugInfo.cfm?setid=37291cab-e350-d8e3-e063-6294a90a9cb1,,true,
dailymed-374af2a7,FDA DailyMed,Linezolida (FDA DailyMed),https://dailymed.nlm.nih.gov/dailymed/drugInfo.cfm?setid=374af2a7-d994-40bd-a86a-cd9038d0b72c,,true,
dailymed-3ba0a9f2,FDA DailyMed,Warfarina: https://dailymed.nlm.nih.gov/dailymed/drugInfo.cfm?setid=541c9a70-adaf-4ef3-94ba-ad4e70dfa057 ; rótulo aprovado Ácido acetilsalicílico (FDA DailyMed),https://dailymed.nlm.nih.gov/dailymed/drugInfo.cfm?setid=3ba0a9f2-062a-401e-82eb-54383a822366,,true,
dailymed-3c11c1c2,FDA DailyMed,Sildenafil: https://dailymed.nlm.nih.gov/dailymed/drugInfo.cfm?setid=00ee09dd-2de0-4dc4-85f6-b51ed6eabd5b ; rótulo aprovado Nitroglicerina (FDA DailyMed),https://dailymed.nlm.nih.gov/dailymed/drugInfo.cfm?setid=3c11c1c2-8e62-4f63-8293-2f8b8d845f7e,,true,
dailymed-3f6428d6,FDA DailyMed,Etambutol (FDA DailyMed),https://dailymed.nlm.nih.gov/dailymed/drugInfo.cfm?setid=3f6428d6-3745-4337-ad78-ebfff9f49135,,true,
dailymed-402e7cc7,FDA DailyMed,Ampicilina (FDA DailyMed),https://dailymed.nlm.nih.gov/dailymed/drugInfo.cfm?setid=402e7cc7-5ae8-c113-e063-6394a90aa54a,,true,
dailymed-441b6232,FDA DailyMed,Gentamicina (FDA DailyMed),https://dailymed.nlm.nih.gov/dailymed/drugInfo.cfm?setid=441b6232-bb60-40ad-85ec-7c41ba43fd5f,,true,
dailymed-49b3ca93,FDA DailyMed,Eritromicina (FDA DailyMed),https://dailymed.nlm.nih.gov/dailymed/drugInfo.cfm?setid=49b3ca93-43cc-439c-8f5d-e3ea2e87ad2f,,true,
dailymed-4c737cd6,FDA DailyMed,Paracetamol (FDA DailyMed),https://dailymed.nlm.nih.gov/dailymed/drugInfo.cfm?setid=4c737cd6-fe56-4cef-887c-cd6cf83b254c,,true,
dailymed-4f206750,FDA DailyMed,Fosfomicina (FDA DailyMed),https://dailymed.nlm.nih.gov/dailymed/drugInfo.cfm?setid=4f206750-8126-99a3-e063-6294a90ade4c,,true,
dailymed-5116b22b,FDA DailyMed,Alopurinol: https://dailymed.nlm.nih.gov/dailymed/drugInfo.cfm?setid=b6c5b5c0-b1cb-44c0-a849-5d317e6fa300 ; rótulo aprovado Azatioprina (FDA DailyMed),https://dailymed.nlm.nih.gov/dailymed/drugInfo.cfm?setid=5116b22b-1460-5535-e063-6394a90acbe5,,true,
dailymed-51a88e8e,FDA DailyMed,Amiodarona (FDA DailyMed),https://dailymed.nlm.nih.gov/dailymed/drugInfo.cfm?setid=51a88e8e-da02-4b97-9e7e-442fbffd908d,,true,
dailymed-524eec41,FDA DailyMed,Glibenclamida (FDA DailyMed),https://dailymed.nlm.nih.gov/dailymed/drugInfo.cfm?setid=524eec41-37ee-419a-b7a1-d23e888ae6ab,,true,
dailymed-5250085e,FDA DailyMed,Amoxicilina + Ácido Clavulânico (FDA DailyMed),https://dailymed.nlm.nih.gov/dailymed/drugInfo.cfm?setid=5250085e-5509-c577-e063-6294a90a9b87,,true,
dailymed-52e6e21d,FDA DailyMed,Ibuprofeno: https://dailymed.nlm.nih.gov/dailymed/drugInfo.cfm?setid=14515409-736f-4119-b6a0-cb19ee2e948e ; rótulo aprovado Prednisolona (FDA DailyMed),https://dailymed.nlm.nih.gov/dailymed/drugInfo.cfm?setid=52e6e21d-94b8-41a0-8d13-371c0e66bcee,,true,
dailymed-541c9a70,FDA DailyMed,Warfarina (FDA DailyMed),https://dailymed.nlm.nih.gov/dailymed/drugInfo.cfm?setid=541c9a70-adaf-4ef3-94ba-ad4e70dfa057,,true,
dailymed-552955e6,FDA DailyMed,Fluoxetina: https://dailymed.nlm.nih.gov/dailymed/drugInfo.cfm?setid=09fb3100-1e06-4cdc-8016-7e4f5d097490 ; rótulo aprovado Tramadol (FDA DailyMed),https://dailymed.nlm.nih.gov/dailymed/drugInfo.cfm?setid=552955e6-2bb3-8755-e063-6394a90ab21c,,true,
dailymed-55f4c679,FDA DailyMed,Levotiroxina (FDA DailyMed),https://dailymed.nlm.nih.gov/dailymed/drugInfo.cfm?setid=55f4c679-86cb-b97f-e063-6294a90ad5ef,,true,
dailymed-57e56202,FDA DailyMed,Amoxicilina (FDA DailyMed),https://dailymed.nlm.nih.gov/dailymed/drugInfo.cfm?setid=57e56202-950b-10f6-e063-6394a90a4912,,true,
dailymed-57e5832f,FDA DailyMed,Ciprofloxacina (FDA DailyMed),https://dailymed.nlm.nih.gov/dailymed/drugInfo.cfm?setid=57e5832f-9168-1f24-e063-6294a90aaae6,,true,
dailymed-57f04b9b,FDA DailyMed,Valproato: https://dailymed.nlm.nih.gov/dailymed/drugInfo.cfm?setid=a33f7657-ad0f-43e9-ba48-024746e6d08e ; rótulo aprovado Lamotrigina (FDA DailyMed),https://dailymed.nlm.nih.gov/dailymed/drugInfo.cfm?setid=57f04b9b-06cd-8044-e063-6394a90ae733,,true,
dailymed-5886e233,FDA DailyMed,Amiodarona: https://dailymed.nlm.nih.gov/dailymed/drugInfo.cfm?setid=51a88e8e-da02-4b97-9e7e-442fbffd908d ; rótulo aprovado Digoxina (FDA DailyMed),https://dailymed.nlm.nih.gov/dailymed/drugInfo.cfm?setid=5886e233-b2da-4acb-be05-9bf40fb8e7f4,,true,
dailymed-58a67272,FDA DailyMed,Captopril: https://dailymed.nlm.nih.gov/dailymed/drugInfo.cfm?setid=a43a5373-ded9-4912-8c98-edaec8352836 ; rótulo aprovado Amlodipina (FDA DailyMed),https://dailymed.nlm.nih.gov/dailymed/drugInfo.cfm?setid=58a67272-c4c7-4e2c-85a5-9d39034d12c3,,true,
dailymed-5c6c117c,FDA DailyMed,Levofloxacina (FDA DailyMed),https://dailymed.nlm.nih.gov/dailymed/drugInfo.cfm?setid=5c6c117c-9d91-48f4-9aaa-ee70b99218c2,,true,
dailymed-61835f25,FDA DailyMed,Linezolida: https://dailymed.nlm.nih.gov/dailymed/drugInfo.cfm?setid=374af2a7-d994-40bd-a86a-cd9038d0b72c ; rótulo aprovado Sertralina (FDA DailyMed),https://dailymed.nlm.nih.gov/dailymed/drugInfo.cfm?setid=61835f25-bfe4-49ac-9dbf-3d6387866e78,,true,
dailymed-61fe53d5,FDA DailyMed,Clozapina (FDA DailyMed),https://dailymed.nlm.nih.gov/dailymed/drugInfo.cfm?setid=61fe53d5-ed5c-4e45-9189-709d08d386cb,,true,
dailymed-6bd6b9da,FDA DailyMed,Lamivudina (FDA DailyMed),https://dailymed.nlm.nih.gov/dailymed/drugInfo.cfm?setid=6bd6b9da-df69-46db-813e-4e7f3bdecf95,,true,
dailymed-6df09f15,FDA DailyMed,Zidovudina (FDA DailyMed),https://dailymed.nlm.nih.gov/dailymed/drugInfo.cfm?setid=6df09f15-b102-431c-adde-d7aeef6f5d84,,true,
dailymed-73564b3d,FDA DailyMed,Enalapril: https://dailymed.nlm.nih.gov/dailymed/drugInfo.cfm?setid=b31372f7-cda3-4ead-a481-4cde62e843fd ; rótulo aprovado Espironolactona (FDA DailyMed),https://dailymed.nlm.nih.gov/dailymed/drugInfo.cfm?setid=73564b3d-8ede-4008-b75c-1277153b5bb6,,true,
dailymed-7866ec19,FDA DailyMed,Arteméter + Lumefantrina (FDA DailyMed),https://dailymed.nlm.nih.gov/dailymed/drugInfo.cfm?setid=7866ec19-dfac-47d4-a53f-511a12643cbf,,true,
dailymed-78982c98,FDA DailyMed,Ceftazidima (FDA DailyMed),https://dailymed.nlm.nih.gov/dailymed/drugInfo.cfm?setid=78982c98-7866-49f1-989f-a289c4242358,,true,
dailymed-7961c029,FDA DailyMed,Fluconazol (FDA DailyMed),https://dailymed.nlm.nih.gov/dailymed/drugInfo.cfm?setid=7961c029-746c-48c3-888b-8f8344102873,,true,
dailymed-7aebc0e6,FDA DailyMed,Piperacilina + Tazobactam (FDA DailyMed),https://dailymed.nlm.nih.gov/dailymed/drugInfo.cfm?setid=7aebc0e6-89db-4ef0-b5ab-d6b3199bcfc4,,true,
dailymed-7cdcd001,FDA DailyMed,Digoxina: https://dailymed.nlm.nih.gov/dailymed/drugInfo.cfm?setid=5886e233-b2da-4acb-be05-9bf40fb8e7f4 ; rótulo aprovado Furosemida (FDA DailyMed),https://dailymed.nlm.nih.gov/dailymed/drugInfo.cfm?setid=7cdcd001-ab4b-4210-a455-2e17a7bc4972,,true,
dailymed-86841382,FDA DailyMed,Claritromicina: https://dailymed.nlm.nih.gov/dailymed/drugInfo.cfm?setid=d836ae7e-fdbf-4dcb-a90d-ede1dcbc3e67 ; rótulo aprovado Atorvastatina (FDA DailyMed),https://dailymed.nlm.nih.gov/dailymed/drugInfo.cfm?setid=86841382-4229-4e03-958e-3ac22639efd4,,true,
dailymed-91e24d17,FDA DailyMed,Sertralina (FDA DailyMed),https://dailymed.nlm.nih.gov/dailymed/drugInfo.cfm?setid=91e24d17-ff0a-449c-9472-b9df74c98456,,true,
dailymed-92603fa5,FDA DailyMed,Efavirenz (FDA DailyMed),https://dailymed.nlm.nih.gov/dailymed/drugInfo.cfm?setid=92603fa5-7a2c-4bfb-9a70-aadb4fba952c,,true,
dailymed-93252cc8,FDA DailyMed,Isoniazida (FDA DailyMed),https://dailymed.nlm.nih.gov/dailymed/drugInfo.cfm?setid=93252cc8-c8d4-401b-bde5-ca8a3b57651e,,true,
dailymed-9efed4c4,FDA DailyMed,Ceftriaxona (FDA DailyMed),https://dailymed.nlm.nih.gov/dailymed/drugInfo.cfm?setid=9efed4c4-72a7-4669-88ae-c80e882c1b37,,true,
dailymed-9f3d91cd,FDA DailyMed,Claritromicina: https://dailymed.nlm.nih.gov/dailymed/drugInfo.cfm?setid=d836ae7e-fdbf-4dcb-a90d-ede1dcbc3e67 ; rótulo aprovado Carbamazepina (FDA DailyMed),https://dailymed.nlm.nih.gov/dailymed/drugInfo.cfm?setid=9f3d91cd-a959-4e07-a51b-8a4e9ba9ece2,,true,
dailymed-a33f7657,FDA DailyMed,Fenitoína: https://dailymed.nlm.nih.gov/dailymed/drugInfo.cfm?setid=ef4e97a7-cd18-47a9-a016-2eca5481a87e ; rótulo aprovado Valproato (FDA DailyMed),https://dailymed.nlm.nih.gov/dailymed/drugInfo.cfm?setid=a33f7657-ad0f-43e9-ba48-024746e6d08e,,true,
dailymed-a43a5373,FDA DailyMed,Captopril (FDA DailyMed),https://dailymed.nlm.nih.gov/dailymed/drugInfo.cfm?setid=a43a5373-ded9-4912-8c98-edaec8352836,,true,
dailymed-a4d555fa,FDA DailyMed,Itraconazol (FDA DailyMed),https://dailymed.nlm.nih.gov/dailymed/drugInfo.cfm?setid=a4d555fa-787c-40fb-bb7d-b0d4f7318fd0,,true,
dailymed-abd1f64e,FDA DailyMed,Estreptomicina (FDA DailyMed),https://dailymed.nlm.nih.gov/dailymed/drugInfo.cfm?setid=abd1f64e-4283-4370-aae8-3666316aa36e,,true,
dailymed-b01aaa02,FDA DailyMed,Gentamicina: https://dailymed.nlm.nih.gov/dailymed/drugInfo.cfm?setid=441b6232-bb60-40ad-85ec-7c41ba43fd5f ; rótulo aprovado Vancomicina (FDA DailyMed),https://dailymed.nlm.nih.gov/dailymed/drugInfo.cfm?setid=b01aaa02-8f1d-4b57-96a5-337503428af1,,true,
dailymed-b0931350,FDA DailyMed,Estreptomicina: https://dailymed.nlm.nih.gov/dailymed/drugInfo.cfm?setid=abd1f64e-4283-4370-aae8-3666316aa36e ; rótulo aprovado Diclofenac (FDA DailyMed),https://dailymed.nlm.nih.gov/dailymed/drugInfo.cfm?setid=b0931350-28a9-4f00-9254-1d72e31f04c3,,true,
dailymed-b31372f7,FDA DailyMed,Enalapril (FDA DailyMed),https://dailymed.nlm.nih.gov/dailymed/drugInfo.cfm?setid=b31372f7-cda3-4ead-a481-4cde62e843fd,,true,
dailymed-b389b1a3,FDA DailyMed,Rifampicina (FDA DailyMed),https://dailymed.nlm.nih.gov/dailymed/drugInfo.cfm?setid=b389b1a3-672f-47e3-916c-4a9c044b211b,,true,
dailymed-b6c5b5c0,FDA DailyMed,Alopurinol (FDA DailyMed),https://dailymed.nlm.nih.gov/dailymed/drugInfo.cfm?setid=b6c5b5c0-b1cb-44c0-a849-5d317e6fa300,,true,
dailymed-bf001b70,FDA DailyMed,Isoniazida: https://dailymed.nlm.nih.gov/dailymed/drugInfo.cfm?setid=93252cc8-c8d4-401b-bde5-ca8a3b57651e ; rótulo aprovado Paracetamol (FDA DailyMed),https://dailymed.nlm.nih.gov/dailymed/drugInfo.cfm?setid=bf001b70-6164-1ec9-e053-2a95a90a1274,,true,
dailymed-c2026b67,FDA DailyMed,Rifabutina (FDA DailyMed),https://dailymed.nlm.nih.gov/dailymed/drugInfo.cfm?setid=c2026b67-4755-4236-96b6-a6b5e7399707,,true,
dailymed-c4751a4f,FDA DailyMed,Tobramicina (FDA DailyMed),https://dailymed.nlm.nih.gov/dailymed/drugInfo.cfm?setid=c4751a4f-c9c1-60c5-e053-2995a90aeba9,,true,
dailymed-c72f0736,FDA DailyMed,Antiácidos (FDA DailyMed),https://dailymed.nlm.nih.gov/dailymed/drugInfo.cfm?setid=c72f0736-ee20-45b4-baf0-b80f1e3fa9cb,,true,
dailymed-c9928956,FDA DailyMed,Clopidogrel (FDA DailyMed),https://dailymed.nlm.nih.gov/dailymed/drugInfo.cfm?setid=c9928956-bb7b-4ec2-bc38-d3c9c4199cae,,true,
dailymed-cf95b2ca,FDA DailyMed,Antiácidos: https://dailymed.nlm.nih.gov/dailymed/drugInfo.cfm?setid=c72f0736-ee20-45b4-baf0-b80f1e3fa9cb ; rótulo aprovado Doxiciclina (FDA DailyMed),https://dailymed.nlm.nih.gov/dailymed/drugInfo.cfm?setid=cf95b2ca-2cf8-49a8-8e3a-f9b0f5b2072c,,true,
dailymed-d5784eeb,FDA DailyMed,Metronidazol (FDA DailyMed),https://dailymed.nlm.nih.gov/dailymed/drugInfo.cfm?setid=d5784eeb-6b99-4e8a-847b-b0d1090ed48a,,true,
dailymed-d836ae7e,FDA DailyMed,Claritromicina (FDA DailyMed),https://dailymed.nlm.nih.gov/dailymed/drugInfo.cfm?setid=d836ae7e-fdbf-4dcb-a90d-ede1dcbc3e67,,true,
dailymed-db52b91e,FDA DailyMed,Azitromicina (FDA DailyMed),https://dailymed.nlm.nih.gov/dailymed/drugInfo.cfm?setid=db52b91e-79f7-4cc1-9564-f2eee8e31c45,,true,
dailymed-ddd2278b,FDA DailyMed,Ibuprofeno: https://dailymed.nlm.nih.gov/dailymed/drugInfo.cfm?setid=14515409-736f-4119-b6a0-cb19ee2e948e ; rótulo aprovado Diclofenac (FDA DailyMed),https://dailymed.nlm.nih.gov/dailymed/drugInfo.cfm?setid=ddd2278b-70be-41ca-8a84-e3fe0f1a1561,,true,
dailymed-df4f55f0,FDA DailyMed,Losartano (FDA DailyMed),https://dailymed.nlm.nih.gov/dailymed/drugInfo.cfm?setid=df4f55f0-fb11-4f6f-a7ed-127b50f955fc,,true,
dailymed-e2eed126,FDA DailyMed,Haloperidol (FDA DailyMed),https://dailymed.nlm.nih.gov/dailymed/drugInfo.cfm?setid=e2eed126-cb82-42b1-9b48-9cbeb6873b50,,true,
dailymed-ef4e97a7,FDA DailyMed,Fenitoína (FDA DailyMed),https://dailymed.nlm.nih.gov/dailymed/drugInfo.cfm?setid=ef4e97a7-cd18-47a9-a016-2eca5481a87e,,true,
dailymed-f162e616,FDA DailyMed,Cetoconazol (FDA DailyMed),https://dailymed.nlm.nih.gov/dailymed/drugInfo.cfm?setid=f162e616-21b4-49b1-b437-15e21001a6f0,,true,
dailymed-f260ff2a,FDA DailyMed,Amicacina (FDA DailyMed),https://dailymed.nlm.nih.gov/dailymed/drugInfo.cfm?setid=f260ff2a-76a0-4672-9516-91c344b67890,,true,
dailymed-f4ad8613,FDA DailyMed,Daptomicina (FDA DailyMed),https://dailymed.nlm.nih.gov/dailymed/drugInfo.cfm?setid=f4ad8613-f25e-4b82-9621-cc5ff9525d3e,,true,
dailymed-f6a1a792,FDA DailyMed,Voriconazol (FDA DailyMed),https://dailymed.nlm.nih.gov/dailymed/drugInfo.cfm?setid=f6a1a792-141b-42e8-8bd1-884e4408eb8a,,true,
dailymed-fa09b4f2,FDA DailyMed,Fenitoína: https://dailymed.nlm.nih.gov/dailymed/drugInfo.cfm?setid=ef4e97a7-cd18-47a9-a016-2eca5481a87e ; rótulo aprovado Fenobarbital (FDA DailyMed),https://dailymed.nlm.nih.gov/dailymed/drugInfo.cfm?setid=fa09b4f2-edb0-4594-a2d2-b16f7b9686b4,,true,
dailymed-fbd628db,FDA DailyMed,Nevirapina (FDA DailyMed),https://dailymed.nlm.nih.gov/dailymed/drugInfo.cfm?setid=fbd628db-4076-4fe0-8323-9cc33ae92e42,,true,
dailymed-fc22e8d8,FDA DailyMed,Atovaquona + Proguanil (FDA DailyMed),https://dailymed.nlm.nih.gov/dailymed/drugInfo.cfm?setid=fc22e8d8-3bfb-4f70-a599-dd81262a4887,,true,
hc-dpd-pm-00071854,Health Canada,Eltroxin (Health Canada),https://pdf.hres.ca/dpd_pm/00071854.PDF,,true,
fonte-1f54a701,Outra,EPAR Eurartesim (Outra),https://www.ema.europa.eu/en/medicines/human/EPAR/eurartesim,,false,
emc-uk-product-1040,EMC-UK (MHRA),Carbamazepina (EMC-UK (MHRA)),https://www.medicines.org.uk/emc/product/1040/smpc,,true,
emc-uk-product-12781,EMC-UK (MHRA),Levotiroxina (EMC-UK (MHRA)),https://www.medicines.org.uk/emc/product/12781/smpc,,true,
emc-uk-product-13672,EMC-UK (MHRA),Atorvastatina (EMC-UK (MHRA)),https://www.medicines.org.uk/emc/product/13672/smpc,,true,
emc-uk-product-2803,EMC-UK (MHRA),Varfarina (EMC-UK (MHRA)),https://www.medicines.org.uk/emc/product/2803/smpc,,true,
emc-uk-product-987,EMC-UK (MHRA),Metformina (EMC-UK (MHRA)),https://www.medicines.org.uk/emc/product/987/smpc,,true,
fonte-0cb63544,Outra,Directrizes da OMS para a malária (Outra),https://www.who.int/teams/global-malaria-programme/guidelines-for-malaria,,false,
