slug,farmaco_slug,entidade_slug,entidade_pt,entidade_en,severidade,mecanismo_pt,mecanismo_en,conselho_pt,conselho_en,fonte_pt,fonte_en,estado
warfarina_vitamina_k,warfarina,vitamina_k,Vitamina K (alimentar),Vitamin K (dietary),moderate,"Alimentos ricos em vitamina K (brócolos, couves, espinafres, fígado) antagonizam o efeito da varfarina na síntese dos fatores de coagulação dependentes da vitamina K, alterando o INR conforme varia a ingestão alimentar.","Foods rich in vitamin K (broccoli, leafy greens, spinach, liver) counteract warfarin's effect on vitamin K-dependent clotting factor synthesis, shifting the INR as dietary intake varies.",Manter uma ingestão alimentar de vitamina K estável e consistente; procurar orientação profissional antes de alterações alimentares significativas; monitorizar o INR após qualquer mudança.,Keep dietary vitamin K intake stable and consistent; seek professional guidance before significant dietary changes; monitor INR after any change.,EMC-UK (MHRA) — SmPC aprovada Varfarina: https://www.medicines.org.uk/emc/product/2803/smpc,EMC-UK (MHRA) — approved Warfarin SmPC: https://www.medicines.org.uk/emc/product/2803/smpc,publicado
warfarina_cranberry,warfarina,cranberry,Cranberry (oxicoco),Cranberry,moderate,Casos descritos associam o consumo de cranberry ao aumento do INR e ao risco hemorrágico; o mecanismo não está totalmente esclarecido.,Case reports associate cranberry intake with INR elevation and bleeding risk; the mechanism is not fully established.,"Recomendar a evicção de produtos de cranberry; se o consumo regular for mantido, reforçar a monitorização do INR.","Advise avoiding cranberry products; if regular intake continues, reinforce INR monitoring.",EMC-UK (MHRA) — SmPC aprovada Varfarina: https://www.medicines.org.uk/emc/product/2803/smpc,EMC-UK (MHRA) — approved Warfarin SmPC: https://www.medicines.org.uk/emc/product/2803/smpc,publicado
warfarina_alcool,warfarina,alcool,Álcool,Alcohol,moderate,"O consumo agudo elevado de álcool pode inibir o metabolismo da varfarina e aumentar o INR, enquanto o consumo crónico elevado pode induzir o metabolismo e reduzir o efeito anticoagulante.","Acute heavy alcohol intake may inhibit warfarin metabolism and raise INR, while chronic heavy intake may induce metabolism and reduce the anticoagulant effect.","Aconselhar contra o consumo excessivo ou em padrão binge; o consumo moderado é aceitável desde que estável, com monitorização do INR se os hábitos mudarem.","Advise against heavy or binge drinking; moderate intake is acceptable if consistent, with INR monitoring if drinking habits change.",EMC-UK (MHRA) — SmPC aprovada Varfarina: https://www.medicines.org.uk/emc/product/2803/smpc,EMC-UK (MHRA) — approved Warfarin SmPC: https://www.medicines.org.uk/emc/product/2803/smpc,publicado
atorvastatina_sumo_toranja,atorvastatina,sumo_toranja,Sumo de toranja,Grapefruit juice,moderate,"A atorvastatina é metabolizada pelo CYP3A4; o sumo de toranja inibe esta enzima e aumenta a exposição ao fármaco (grandes quantidades podem aumentar a AUC até cerca de 2,5 vezes).",Atorvastatin is metabolised by CYP3A4; grapefruit juice inhibits this enzyme and increases drug exposure (large amounts may raise AUC by up to around 2.5-fold).,Evitar grandes quantidades de sumo de toranja durante o tratamento; pequenas quantidades ocasionais têm efeito limitado.,Avoid large amounts of grapefruit juice during treatment; occasional small amounts have a limited effect.,EMC-UK (MHRA) — SmPC aprovada Atorvastatina: https://www.medicines.org.uk/emc/product/13672/smpc,EMC-UK (MHRA) — approved Atorvastatin SmPC: https://www.medicines.org.uk/emc/product/13672/smpc,publicado
atorvastatina_alcool,atorvastatina,alcool,Álcool (consumo substancial),Alcohol (substantial intake),moderate,"O consumo substancial de álcool, sobretudo com doença hepática prévia, aumenta o risco de elevação das transaminases e é fator predisponente de rabdomiólise.","Substantial alcohol intake, especially with pre-existing liver disease, increases the risk of transaminase elevation and is a predisposing factor for rhabdomyolysis.",Usar com precaução em doentes com consumo substancial de álcool; avaliar enzimas hepáticas e CK antes do início e periodicamente.,Use with caution in patients with substantial alcohol intake; check liver enzymes and CK before initiation and periodically.,EMC-UK (MHRA) — SmPC aprovada Atorvastatina: https://www.medicines.org.uk/emc/product/13672/smpc,EMC-UK (MHRA) — approved Atorvastatin SmPC: https://www.medicines.org.uk/emc/product/13672/smpc,publicado
carbamazepina_sumo_toranja,carbamazepina,sumo_toranja,Sumo de toranja,Grapefruit juice,moderate,"O sumo de toranja inibe o CYP3A4, reduz a metabolização da carbamazepina e aumenta as concentrações plasmáticas, elevando o risco de efeitos adversos.","Grapefruit juice inhibits CYP3A4, reduces carbamazepine metabolism and raises plasma concentrations, increasing the risk of adverse effects.","Recomendar a evicção do sumo de toranja; se consumido, monitorizar as concentrações plasmáticas e os sinais de toxicidade (tonturas, sonolência, ataxia, diplopia).","Advise avoiding grapefruit juice; if consumed, monitor plasma levels and signs of toxicity (dizziness, drowsiness, ataxia, diplopia).",EMC-UK (MHRA) — SmPC aprovada Carbamazepina: https://www.medicines.org.uk/emc/product/1040/smpc,EMC-UK (MHRA) — approved Carbamazepine SmPC: https://www.medicines.org.uk/emc/product/1040/smpc,publicado
levotiroxina_soja,levotiroxina,soja,Soja,Soy,moderate,"A farinha de soja (incluindo fórmulas infantis à base de soja) e outros alimentos podem reduzir a absorção gastrointestinal da levotiroxina, diminuindo a exposição à hormona tiroideia.","Soybean flour (including soy-based infant formulas) and other foods can reduce gastrointestinal absorption of levothyroxine, lowering thyroid hormone exposure.","Administrar a levotiroxina em jejum, separada de alimentos ou fórmulas à base de soja; nos lactentes, dispersar o comprimido em água ou numa fórmula sem soja.","Give levothyroxine on an empty stomach, separated from soy-based foods or formulas; in infants, disperse the tablet in water or a soy-free formula.",Health Canada — Monografia do Produto Eltroxin (levotiroxina): https://pdf.hres.ca/dpd_pm/00071854.PDF,Health Canada — Eltroxin (levothyroxine) Product Monograph: https://pdf.hres.ca/dpd_pm/00071854.PDF,publicado
levotiroxina_fibra_alimentar,levotiroxina,fibra_alimentar,Fibra alimentar,Dietary fibre,moderate,"A fibra alimentar reduz a absorção gastrointestinal da levotiroxina, podendo diminuir os níveis séricos da hormona e exigir ajuste de dose.","Dietary fibre reduces gastrointestinal absorption of levothyroxine, potentially lowering serum hormone levels and requiring dose adjustment.","Manter uma rotina consistente de toma em jejum, separando a dose de refeições ricas em fibra para evitar flutuações da função tiroideia.","Keep a consistent empty-stomach routine, separating the dose from high-fibre meals to avoid thyroid function fluctuations.",Health Canada — Monografia do Produto Eltroxin (levotiroxina): https://pdf.hres.ca/dpd_pm/00071854.PDF,Health Canada — Eltroxin (levothyroxine) Product Monograph: https://pdf.hres.ca/dpd_pm/00071854.PDF,publicado
levotiroxina_toma_em_jejum,levotiroxina,toma_em_jejum,Toma em jejum,Empty-stomach intake,moderate,Alimentos e bebidas alteram significativamente a absorção da levotiroxina; a toma em jejum reduz a variabilidade da absorção e dos níveis hormonais.,Food and drink significantly alter levothyroxine absorption; empty-stomach intake reduces variability in absorption and hormone levels.,"Administrar uma dose diária em jejum, cerca de 30 a 60 minutos antes do pequeno-almoço, sempre à mesma hora, e separar pelo menos 4 horas de fármacos que interferem na absorção.","Give a single daily dose on an empty stomach, about 30 to 60 minutes before breakfast, at the same time, and separate by at least 4 hours from drugs that interfere with absorption.",EMC-UK (MHRA) — SmPC aprovada Levotiroxina: https://www.medicines.org.uk/emc/product/12781/smpc — corroboração: Health Canada Product Monograph: https://pdf.hres.ca/dpd_pm/00071854.PDF,EMC-UK (MHRA) — approved Levothyroxine SmPC: https://www.medicines.org.uk/emc/product/12781/smpc — corroborated by Health Canada Product Monograph: https://pdf.hres.ca/dpd_pm/00071854.PDF,publicado
metformina_alcool,metformina,alcool,Álcool (excesso),Alcohol (excess),critical,"A intoxicação alcoólica aguda aumenta o risco de acidose láctica, especialmente em jejum, desnutrição ou insuficiência hepática; o alcoolismo é contraindicação.","Acute alcohol intoxication increases the risk of lactic acidosis, especially during fasting, malnutrition or hepatic impairment; alcoholism is a contraindication.",Evitar o consumo excessivo de álcool e qualquer estado de intoxicação alcoólica aguda durante o tratamento com metformina.,Avoid excessive alcohol intake and any acute alcohol intoxication during metformin treatment.,EMC-UK (MHRA) — SmPC aprovada Metformina: https://www.medicines.org.uk/emc/product/987/smpc,EMC-UK (MHRA) — approved Metformin SmPC: https://www.medicines.org.uk/emc/product/987/smpc,publicado
morfina_alcool,morfina,alcool,Álcool (etanol),Alcohol (ethanol),moderate,"O álcool potencia os efeitos depressores do SNC da morfina, com risco de sedação e depressão respiratória.","Alcohol enhances the CNS-depressant effects of morphine, with risk of sedation and respiratory depression.",Recomendar a evicção do consumo de álcool durante o tratamento.,Advise avoiding alcohol consumption during treatment.,EMC-UK (MHRA) — SmPC aprovada MST Continus (Morfina): https://www.medicines.org.uk/emc/product/7664/smpc,EMC-UK (MHRA) — approved MST Continus (Morphine) SmPC: https://www.medicines.org.uk/emc/product/7664/smpc,publicado
codeina_alcool,codeina,alcool,Álcool (etanol),Alcohol (ethanol),moderate,O álcool potencia os efeitos depressores do SNC e o risco de sobredosagem da codeína.,Alcohol potentiates the CNS-depressant effects and the overdose risk of codeine.,Recomendar a evicção do consumo de álcool durante o tratamento.,Advise avoiding alcohol consumption during treatment.,EMC-UK (MHRA) — SmPC aprovada Codeine Linctus (Codeína): https://www.medicines.org.uk/emc/product/4512/smpc,EMC-UK (MHRA) — approved Codeine Linctus (Codeine) SmPC: https://www.medicines.org.uk/emc/product/4512/smpc,publicado
fentanilo_alcool,fentanilo,alcool,Álcool (etanol),Alcohol (ethanol),moderate,O álcool potencia a depressão respiratória e a sedação do fentanilo; o consumo simultâneo pode ser fatal.,Alcohol potentiates the respiratory depression and sedation of fentanyl; simultaneous use may be fatal.,Contraindicar o consumo de álcool enquanto durar o tratamento com fentanilo.,Alcohol is contraindicated during fentanyl treatment.,EMC-UK (MHRA) — SmPC aprovada Durogesic DTrans (Fentanilo): https://www.medicines.org.uk/emc/product/6942/smpc,EMC-UK (MHRA) — approved Durogesic DTrans (Fentanyl) SmPC: https://www.medicines.org.uk/emc/product/6942/smpc,publicado
hidromorfona_alcool,hidromorfona,alcool,Alcool (etanol),Alcohol (ethanol),moderate,O álcool aumenta os efeitos depressores do SNC da hidromorfona.,Alcohol increases the CNS-depressant effects of hydromorphone.,Evitar o consumo de álcool durante o tratamento.,Avoid alcohol during treatment.,EMC-UK (MHRA) — SmPC aprovada Palladone SR (Hidromorfona): https://www.medicines.org.uk/emc/product/1018/smpc,EMC-UK (MHRA) — approved Palladone SR (Hydromorphone) SmPC: https://www.medicines.org.uk/emc/product/1018/smpc,publicado
buprenorfina_alcool,buprenorfina,alcool,Álcool (etanol),Alcohol (ethanol),moderate,O álcool potencia os efeitos depressores do SNC da buprenorfina.,Alcohol potentiates the CNS-depressant effects of buprenorphine.,Avoid alcohol during treatment.,Avoid alcohol during treatment.,EMC-UK (MHRA) — SmPC aprovado BuTrans (Buprenorfina): https://www.medicines.org.uk/emc/product/7645/smpc,EMC-UK (MHRA) — approved BuTrans (Buprenorphine) SmPC: https://www.medicines.org.uk/emc/product/7645/smpc,publicado
donepezilo_alcool,donepezilo,alcool,Álcool (etanol),Alcohol (ethanol),minor,O álcool pode reduzir os níveis de donepezilo e aumentar os efeitos adversos.,Alcohol may reduce donepezil levels and increase adverse effects.,Limitar o consumo de álcool durante o tratamento.,Limit alcohol consumption during treatment.,EMC-UK (MHRA) — SmPC aprovada Aricept (Donepezilo): https://www.medicines.org.uk/emc/product/13283/smpc,EMC-UK (MHRA) — approved Aricept (Donepezil) SmPC: https://www.medicines.org.uk/emc/product/13283/smpc,publicado
memantina_dieta,memantina,dieta,Mudanças drásticas de dieta,Drastic dietary changes,minor,Alterações drásticas da dieta podem alcalinarizar a urina e alterar a excreção da memantina.,Drastic dietary changes may alkalinise the urine and alter memantine elimination.,Evitar mudanças drásticas de dieta; vigiar estados que alterem o pH urinário.,Avoid drastic dietary changes; monitor conditions that alter urine pH.,EMC-UK (MHRA) — SmPC aprovada Ebixa (Memantina): https://www.medicines.org.uk/emc/product/8222/smpc,EMC-UK (MHRA) — approved Ebixa (Memantine) SmPC: https://www.medicines.org.uk/emc/product/8222/smpc,publicado
metamizol_alcool,metamizol,alcool,Álcool (etanol),Alcohol (ethanol),moderate,O álcool potencia o efeito do metamizol e aumenta o risco de depressão do SNC.,Alcohol enhances the effect of metamizole and may increase the risk of CNS depression.,Recomendar a evicção do consumo de álcool durante o tratamento com metamizol.,Advise avoiding alcohol consumption during metamizole treatment.,SmPC nacional Analgin 500 mg (HALMED) — interação do metamizol com o álcool ; EMA — Metamizole (Article 31 referral): https://www.ema.europa.eu/en/medicines/human/referrals/metamizole-containing-medicinal-products,National Analgin 500 mg SmPC (HALMED) — metamizole interaction with alcohol ; EMA — Metamizole (Article 31 referral): https://www.ema.europa.eu/en/medicines/human/referrals/metamizole-containing-medicinal-products,publicado
flecainida_sumo_toranja,flecainida,sumo_toranja,Sumo de toranja,Grapefruit juice,moderate,"O sumo de toranja inibe a glicoproteína-P e o CYP3A4 intestinais, podendo reduzir a depuração da flecainida e aumentar a sua exposição.","Grapefruit juice inhibits intestinal P-glycoprotein and CYP3A4, which may reduce flecainide clearance and increase its exposure.",Evitar o consumo regular de sumo de toranja durante o tratamento com flecainida.,Avoid regular grapefruit juice intake during flecainide treatment.,EMC-UK (MHRA) — SmPC aprovada Flecainida: https://www.medicines.org.uk/emc/product/3086/smpc,EMC-UK (MHRA) — approved Flecainide SmPC: https://www.medicines.org.uk/emc/product/3086/smpc,publicado
propafenona_sumo_toranja,propafenona,sumo_toranja,Sumo de toranja,Grapefruit juice,moderate,"O sumo de toranja aumenta a biodisponibilidade da propafenona por inibição do CYP3A4 e da glicoproteína-P intestinais, elevando o risco de efeitos adversos cardíacos.","Grapefruit juice increases propafenone bioavailability by inhibiting intestinal CYP3A4 and P-glycoprotein, raising the risk of cardiac adverse effects.",Evitar o sumo de toranja durante o tratamento; o risco é maior em doentes com baixa capacidade metabólica do CYP2D6.,Avoid grapefruit juice during treatment; the risk is greater in poor CYP2D6 metabolisers.,EMC-UK (MHRA) — SmPC aprovada Propafenona: https://www.medicines.org.uk/emc/product/1733/smpc,EMC-UK (MHRA) — approved Propafenone SmPC: https://www.medicines.org.uk/emc/product/1733/smpc,publicado
bumetanida_alcacuz,bumetanida,alcacuz,Alcaçuz (glicirrizina),Liquorice (glycyrrhizin),moderate,"O alcaçuz provoca pseudoaldosteronismo com retenção de sódio e depleção de potássio, que antagoniza o efeito diurético e aumenta o risco de hipocaliemia.","Liquorice causes pseudoaldosteronism with sodium retention and potassium depletion, opposing the diuretic effect and increasing the risk of hypokalaemia.",Evitar o consumo excessivo de alcaçuz durante o tratamento com bumetanida.,Avoid excessive liquorice intake during bumetanide treatment.,EMC-UK (MHRA) — SmPC aprovada Bumetanida: https://www.medicines.org.uk/emc/product/13372/smpc,EMC-UK (MHRA) — approved Bumetanide SmPC: https://www.medicines.org.uk/emc/product/13372/smpc,publicado
indapamida_alcacuz,indapamida,alcacuz,Alcaçuz (glicirrizina),Liquorice (glycyrrhizin),moderate,"O alcaçuz promove pseudoaldosteronismo com hipocaliemia e hipomagnesiemia, somando-se ao efeito da indapamida e aumentando o risco de arritmias.","Liquorice promotes pseudoaldosteronism with hypokalaemia and hypomagnesaemia, adding to the indapamide effect and increasing the risk of arrhythmias.",Evitar o consumo excessivo de alcaçuz; vigiar o potássio sérico.,Avoid excessive liquorice intake; monitor serum potassium.,EMC-UK (MHRA) — SmPC aprovada Indapamida: https://www.medicines.org.uk/emc/product/6223/smpc,EMC-UK (MHRA) — approved Indapamide SmPC: https://www.medicines.org.uk/emc/product/6223/smpc,publicado
ramipril_potassio_alimentar,ramipril,potassio_alimentar,Potássio alimentar elevado,High dietary potassium,moderate,"O ramipril reduz a excreção de potássio; alimentos ricos em potássio ou substitutos de sal com potássio podem causar hipercaliemia, sobretudo com função renal diminuída.","Ramipril reduces potassium excretion; potassium-rich foods or potassium-containing salt substitutes may cause hyperkalaemia, especially with reduced renal function.",Evitar substitutos de sal com potássio; a ingestão alimentar habitual de potássio não é problemática.,Avoid potassium-containing salt substitutes; usual dietary potassium intake is not problematic.,EMC-UK (MHRA) — SmPC aprovada Ramipril: https://www.medicines.org.uk/emc/product/8067/smpc,EMC-UK (MHRA) — approved Ramipril SmPC: https://www.medicines.org.uk/emc/product/8067/smpc,publicado
valsartana_potassio_alimentar,valsartana,potassio_alimentar,Potássio alimentar elevado,High dietary potassium,moderate,"Tal como os IECA, os ARA II podem elevar o potássio sérico; a ingestão elevada de potássio ou substitutos de sal aumentam o risco de hipercaliemia.","As with ACE inhibitors, ARBs can raise serum potassium; high potassium intake or salt substitutes increase the risk of hyperkalaemia.",Evitar suplementos e substitutos de sal com potássio sem supervisão; vigiar o potássio em doentes de risco.,Avoid potassium supplements and salt substitutes without supervision; monitor potassium in at-risk patients.,EMC-UK (MHRA) — SmPC aprovada Valsartana: https://www.medicines.org.uk/emc/product/14212/smpc,EMC-UK (MHRA) — approved Valsartan SmPC: https://www.medicines.org.uk/emc/product/14212/smpc,publicado
digoxina_fibra_alimentar,digoxina,fibra_alimentar,Fibras alimentares (farelo),Dietary fibre (bran),minor,"As fibras alimentares, como o farelo de trigo, podem adsorver a digoxina e reduzir a sua absorção oral.","Dietary fibre, such as wheat bran, may adsorb digoxin and reduce its oral absorption.",Separar a toma de digoxina pelo menos 2 horas das refeições ricas em fibras.,Separate digoxin intake from high-fibre meals by at least 2 hours.,EMC-UK (MHRA) — SmPC aprovada Digoxina: https://www.medicines.org.uk/emc/product/5463/smpc,EMC-UK (MHRA) — approved Digoxin SmPC: https://www.medicines.org.uk/emc/product/5463/smpc,publicado
furosemida_alcacuz,furosemida,alcacuz,Alcaçuz (glicirrizina),Liquorice (glycyrrhizin),moderate,"O alcaçuz causa depleção de potássio e retenção de sódio, que se somam ao efeito da furosemida, aumentando o risco de hipocaliemia.","Liquorice causes potassium depletion and sodium retention, adding to the furosemide effect and increasing the risk of hypokalaemia.",Evitar o consumo excessivo de alcaçuz durante o tratamento.,Avoid excessive liquorice intake during treatment.,EMC-UK (MHRA) — SmPC aprovada Furosemida: https://www.medicines.org.uk/emc/product/2380/smpc,EMC-UK (MHRA) — approved Furosemide SmPC: https://www.medicines.org.uk/emc/product/2380/smpc,publicado
hidroclorotiazida_alcacuz,hidroclorotiazida,alcacuz,Alcaçuz (glicirrizina),Liquorice (glycyrrhizin),moderate,"O alcaçuz provoca pseudoaldosteronismo com hipocaliemia, que se soma à depleção de potássio induzida pela tiazida.","Liquorice causes pseudoaldosteronism with hypokalaemia, adding to thiazide-induced potassium depletion.",Evitar o consumo excessivo de alcaçuz; vigiar o potássio sérico.,Avoid excessive liquorice intake; monitor serum potassium.,EMC-UK (MHRA) — SmPC aprovada Hidroclorotiazida: https://www.medicines.org.uk/emc/product/11721/smpc,EMC-UK (MHRA) — approved Hydrochlorothiazide SmPC: https://www.medicines.org.uk/emc/product/11721/smpc,publicado
hidroclorotiazida_suplementos_calcio,hidroclorotiazida,suplementos_calcio,Suplementos de cálcio,Calcium supplements,moderate,As tiazidas reduzem a excreção renal de cálcio; suplementos de cálcio em doses elevadas podem causar hipercalcemia.,Thiazides reduce renal calcium excretion; high-dose calcium supplements may cause hypercalcaemia.,Monitorizar o cálcio sérico em doentes a tomar suplementos de cálcio em dose elevada.,Monitor serum calcium in patients taking high-dose calcium supplements.,EMC-UK (MHRA) — SmPC aprovada Hidroclorotiazida: https://www.medicines.org.uk/emc/product/11721/smpc,EMC-UK (MHRA) — approved Hydrochlorothiazide SmPC: https://www.medicines.org.uk/emc/product/11721/smpc,publicado
espironolactona_potassio_alimentar,espironolactona,potassio_alimentar,Potássio alimentar elevado,High dietary potassium,moderate,A espironolactona retém potássio; a ingestão elevada de potássio na dieta ou substitutos de sal aumentam o risco de hipercaliemia.,Spironolactone retains potassium; high dietary potassium or salt substitutes increase the risk of hyperkalaemia.,Evitar substitutos de sal com potássio e consumo excessivo de alimentos ricos em potássio.,Avoid potassium-containing salt substitutes and excessive intake of potassium-rich foods.,EMC-UK (MHRA) — SmPC aprovada Espironolactona: https://www.medicines.org.uk/emc/product/2898/smpc,EMC-UK (MHRA) — approved Spironolactone SmPC: https://www.medicines.org.uk/emc/product/2898/smpc,publicado
captopril_alimentos_refeicao,captopril,alimentos_refeicao,Alimentos (refeições),Food (meals),minor,"A presença de alimentos reduz a absorção do captopril em cerca de 30-40%, diminuindo a sua biodisponibilidade.","Food reduces captopril absorption by about 30-40%, lowering its bioavailability.",Tomar o captopril uma hora antes das refeições.,Take captopril one hour before meals.,EMC-UK (MHRA) — SmPC aprovada Captopril: https://www.medicines.org.uk/emc/product/5250/smpc,EMC-UK (MHRA) — approved Captopril SmPC: https://www.medicines.org.uk/emc/product/5250/smpc,publicado
enalapril_potassio_alimentar,enalapril,potassio_alimentar,Potássio alimentar elevado,High dietary potassium,moderate,A ingestão elevada de potássio ou substitutos de sal podem aumentar o risco de hipercaliemia em doentes tratados com enalapril.,High potassium intake or salt substitutes may increase the risk of hyperkalaemia in patients treated with enalapril.,Evitar substitutos de sal com potássio; vigiar o potássio em doentes de risco.,Avoid potassium-containing salt substitutes; monitor potassium in at-risk patients.,EMC-UK (MHRA) — SmPC aprovada Enalapril: https://www.medicines.org.uk/emc/product/15458/smpc,EMC-UK (MHRA) — approved Enalapril SmPC: https://www.medicines.org.uk/emc/product/15458/smpc,publicado
losartano_potassio_alimentar,losartano,potassio_alimentar,Potássio alimentar elevado,High dietary potassium,moderate,O losartano pode elevar o potássio sérico; suplementos de potássio ou substitutos de sal podem causar hipercaliemia.,Losartan may raise serum potassium; potassium supplements or salt substitutes may cause hyperkalaemia.,Evitar suplementos e substitutos de sal com potássio sem supervisão; vigiar o potássio em doentes de risco.,Avoid potassium supplements and salt substitutes without supervision; monitor potassium in at-risk patients.,EMC-UK (MHRA) — SmPC aprovada Losartano: https://www.medicines.org.uk/emc/product/7783/smpc,EMC-UK (MHRA) — approved Losartan SmPC: https://www.medicines.org.uk/emc/product/7783/smpc,publicado
ferro_cafe_cha,ferro,cafe_cha,"Café, chá e outras bebidas com taninos","Coffee, tea and tannin-containing drinks",moderate,Os taninos do café e do chá formam complexos insolúveis com o ferro e reduzem a sua absorção oral.,Tannins in coffee and tea form insoluble complexes with iron and reduce its oral absorption.,"Tomar o ferro pelo menos 1 a 2 horas antes ou depois de café, chá ou bebidas ricas em taninos.","Take iron at least 1 to 2 hours before or after coffee, tea or tannin-rich drinks.",EMC-UK (MHRA) — SmPC aprovada Ferro: https://www.medicines.org.uk/emc/product/102243/smpc,EMC-UK (MHRA) — approved Iron SmPC: https://www.medicines.org.uk/emc/product/102243/smpc,publicado
ferro_leite_lacticinios,ferro,leite_lacticinios,Leite e lacticínios (cálcio),Milk and dairy products (calcium),moderate,"O cálcio do leite e dos lacticínios compete com o ferro no transporte intestinal, reduzindo a sua absorção.","Calcium in milk and dairy competes with iron for intestinal transport, reducing its absorption.","Evitar tomar o ferro com leite, iogurte ou queijo; separar as tomas por 2 horas.","Avoid taking iron with milk, yoghurt or cheese; separate doses by 2 hours.",EMC-UK (MHRA) — SmPC aprovada Ferro: https://www.medicines.org.uk/emc/product/102243/smpc,EMC-UK (MHRA) — approved Iron SmPC: https://www.medicines.org.uk/emc/product/102243/smpc,publicado
ferro_alimentos_ricos_calcio,ferro,alimentos_ricos_calcio,Alimentos ricos em cálcio,Calcium-rich foods,moderate,"Refeições ricas em cálcio diminuem a absorção do ferro, sobretudo do ferro não-heme.","Calcium-rich meals decrease iron absorption, mainly non-heme iron.",Separar o ferro das refeições ricas em cálcio (2 horas).,Separate iron from calcium-rich meals (2 hours).,EMC-UK (MHRA) — SmPC aprovada Ferro: https://www.medicines.org.uk/emc/product/102243/smpc,EMC-UK (MHRA) — approved Iron SmPC: https://www.medicines.org.uk/emc/product/102243/smpc,publicado
acido_folico_alcool,acido_folico,alcool,Álcool (consumo crónico),Alcohol (chronic use),moderate,"O consumo crónico de álcool interfere com o metabolismo e a absorção do folato, podendo agravar a deficiência.","Chronic alcohol use interferes with folate metabolism and absorption, potentially worsening deficiency.",Limitar o consumo de álcool durante o tratamento com ácido fólico.,Limit alcohol intake during folic acid treatment.,EMC-UK (MHRA) — SmPC aprovada Ácido fólico: https://www.medicines.org.uk/emc/product/6998/smpc,EMC-UK (MHRA) — approved Folic acid SmPC: https://www.medicines.org.uk/emc/product/6998/smpc,publicado
cianocobalamina_alcool,cianocobalamina,alcool,Álcool (consumo crónico),Alcohol (chronic use),minor,"O alcoolismo crónico pode reduzir a absorção da vitamina B12 alimentar, mas afeta pouco a cianocobalamina oral em dose terapêutica.","Chronic alcoholism may reduce absorption of dietary vitamin B12, but it little affects oral cyanocobalamin at therapeutic doses.","Em doentes com alcoolismo, vigiar os níveis de B12 e considerar doses mais altas se necessário.","In patients with alcoholism, monitor B12 levels and consider higher doses if needed.",EMC-UK (MHRA) — SmPC aprovada Cianocobalamina: https://www.medicines.org.uk/emc/product/5716/smpc,EMC-UK (MHRA) — approved Cyanocobalamin SmPC: https://www.medicines.org.uk/emc/product/5716/smpc,publicado
apixabano_alcool,apixabano,alcool,Álcool,Alcohol,moderate,O consumo de álcool pode aumentar o risco hemorrágico e interagir com a anticoagulação.,Alcohol intake may increase bleeding risk and interact with anticoagulation.,Limitar o consumo de álcool durante o tratamento com apixabano.,Limit alcohol intake during apixaban treatment.,EMC-UK (MHRA) — SmPC aprovada Apixabano: https://www.medicines.org.uk/emc/product/102130/smpc,EMC-UK (MHRA) — approved Apixaban SmPC: https://www.medicines.org.uk/emc/product/102130/smpc,publicado
rivaroxabano_alcool,rivaroxabano,alcool,Álcool,Alcohol,moderate,O álcool aumenta o risco de hemorragia em doentes anticoagulados com rivaroxabano.,Alcohol increases the bleeding risk in patients anticoagulated with rivaroxaban.,Limitar o consumo de álcool durante o tratamento.,Limit alcohol intake during treatment.,EMC-UK (MHRA) — SmPC aprovada Rivaroxabano: https://www.medicines.org.uk/emc/product/100864/smpc,EMC-UK (MHRA) — approved Rivaroxaban SmPC: https://www.medicines.org.uk/emc/product/100864/smpc,publicado
dabigatrano_alcool,dabigatrano,alcool,Álcool,Alcohol,moderate,O álcool pode potenciar o risco hemorrágico do dabigatrano.,Alcohol may potentiate the bleeding risk of dabigatran.,Limitar o consumo de álcool durante o tratamento.,Limit alcohol intake during treatment.,EMC-UK (MHRA) — SmPC aprovada Dabigatrano: https://www.medicines.org.uk/emc/product/100715/smpc,EMC-UK (MHRA) — approved Dabigatran SmPC: https://www.medicines.org.uk/emc/product/100715/smpc,publicado
dabigatrano_alimentos_refeicao,dabigatrano,alimentos_refeicao,Refeições (recomendação de toma),Meals (administration advice),minor,"O dabigatrano deve ser tomado com água, com ou sem alimentos; a toma com refeição não altera significativamente a absorção.","Dabigatran should be taken with water, with or without food; taking it with a meal does not significantly change absorption.","Tomar as cápsulas inteiras com água, sem abrir.","Swallow the capsules whole with water, without opening them.",EMC-UK (MHRA) — SmPC aprovada Dabigatrano: https://www.medicines.org.uk/emc/product/100715/smpc,EMC-UK (MHRA) — approved Dabigatran SmPC: https://www.medicines.org.uk/emc/product/100715/smpc,publicado
enoxaparina_alcool,enoxaparina,alcool,Álcool,Alcohol,moderate,O álcool aumenta o risco hemorrágico em doentes tratados com enoxaparina.,Alcohol increases the bleeding risk in patients treated with enoxaparin.,Limitar o consumo de álcool durante o tratamento.,Limit alcohol intake during treatment.,EMC-UK (MHRA) — SmPC aprovada Enoxaparina: https://www.medicines.org.uk/emc/product/9329/smpc,EMC-UK (MHRA) — approved Enoxaparin SmPC: https://www.medicines.org.uk/emc/product/9329/smpc,publicado
teofilina_cafe_cha,teofilina,cafe_cha,"Café, chá e bebidas com cafeína","Coffee, tea and caffeine-containing drinks",moderate,"A cafeína é uma metilxantina com efeitos aditivos aos da teofilina (estimulação do SNC, taquicardia, tremores).","Caffeine is a methylxanthine with additive effects to theophylline (CNS stimulation, tachycardia, tremor).","Limitar o consumo de café, chá e bebidas com cafeína durante o tratamento com teofilina.","Limit coffee, tea and caffeinated drinks during theophylline treatment.",EMC-UK (MHRA) — SmPC aprovada Teofilina: https://www.medicines.org.uk/emc/product/100851/smpc,EMC-UK (MHRA) — approved Theophylline SmPC: https://www.medicines.org.uk/emc/product/100851/smpc,publicado
teofilina_alcool,teofilina,alcool,Álcool,Alcohol,moderate,O álcool pode alterar o metabolismo da teofilina e potenciar os efeitos no sistema nervoso central.,Alcohol may alter theophylline metabolism and potentiate central nervous system effects.,Limitar o consumo de álcool durante o tratamento.,Limit alcohol intake during treatment.,EMC-UK (MHRA) — SmPC aprovada Teofilina: https://www.medicines.org.uk/emc/product/100851/smpc,EMC-UK (MHRA) — approved Theophylline SmPC: https://www.medicines.org.uk/emc/product/100851/smpc,publicado
montelukast_alimentos_refeicao,montelukast,alimentos_refeicao,Refeições (recomendação de toma),Meals (administration advice),minor,O montelucaste deve ser tomado sem alimentos; as refeições podem reduzir a absorção do comprimido.,Montelukast should be taken without food; meals may reduce the absorption of the tablet.,Tomar 1 hora antes ou 2 horas após as refeições.,Take 1 hour before or 2 hours after meals.,EMC-UK (MHRA) — SmPC aprovada Montelucaste: https://www.medicines.org.uk/emc/product/1222/smpc,EMC-UK (MHRA) — approved Montelukast SmPC: https://www.medicines.org.uk/emc/product/1222/smpc,publicado
dextrometorfano_alcool,dextrometorfano,alcool,Álcool,Alcohol,moderate,O álcool potencia a depressão do sistema nervoso central associada ao dextrometorfano.,Alcohol potentiates the central nervous system depression associated with dextromethorphan.,Evitar o consumo de álcool durante o tratamento.,Avoid alcohol during treatment.,EMC-UK (MHRA) — SmPC aprovada Dextrometorfano: https://www.medicines.org.uk/emc/product/1523/smpc,EMC-UK (MHRA) — approved Dextromethorphan SmPC: https://www.medicines.org.uk/emc/product/1523/smpc,publicado
salbutamol_cafe_cha,salbutamol,cafe_cha,Café e bebidas com cafeína,Coffee and caffeinated drinks,minor,"A cafeína pode potenciar os efeitos do salbutamol (tremores, palpitações, taquicardia).","Caffeine may potentiate the effects of salbutamol (tremor, palpitations, tachycardia).",Limitar o consumo de cafeína em doentes com sintomas adrenérgicos.,Limit caffeine intake in patients with adrenergic symptoms.,EMC-UK (MHRA) — SmPC aprovada Salbutamol: https://www.medicines.org.uk/emc/product/12983/smpc,EMC-UK (MHRA) — approved Salbutamol SmPC: https://www.medicines.org.uk/emc/product/12983/smpc,publicado
nistatina_alimentos_refeicao,nistatina,alimentos_refeicao,Refeições (recomendação de toma),Meals (administration advice),minor,A suspensão oral de nistatina deve ser mantida em contacto com a mucosa oral; os alimentos podem interferir com a adesão.,Oral nystatin suspension should be kept in contact with the oral mucosa; food may interfere with adherence.,Administrar após as refeições e manter em contacto com as lesões.,Give after meals and keep in contact with the lesions.,EMC-UK (MHRA) — SmPC aprovada Nistatina: https://www.medicines.org.uk/emc/product/408/smpc,EMC-UK (MHRA) — approved Nystatin SmPC: https://www.medicines.org.uk/emc/product/408/smpc,publicado
famotidina_alimentos_refeicao,famotidina,alimentos_refeicao,Refeições (recomendação de toma),Meals (administration advice),minor,Os alimentos não afetam de forma clinicamente relevante a absorção da famotidina.,Food does not clinically affect famotidine absorption.,"Pode ser tomado com ou sem alimentos, conforme preferência.","May be taken with or without food, as preferred.",EMC-UK (MHRA) — SmPC aprovada Famotidina: https://www.medicines.org.uk/emc/product/100584/smpc,EMC-UK (MHRA) — approved Famotidine SmPC: https://www.medicines.org.uk/emc/product/100584/smpc,publicado
sucralfato_alimentos_refeicao,sucralfato,alimentos_refeicao,Refeições (recomendação de toma),Meals (administration advice),moderate,Os alimentos (proteínas) podem reduzir a ligação do sucralfato à mucosa e o seu efeito protetor.,Food (proteins) may reduce sucralfate binding to the mucosa and its protective effect.,"Tomar em jejum, 1 hora antes das refeições e ao deitar.","Take on an empty stomach, 1 hour before meals and at bedtime.",DailyMed (FDA) — rótulo aprovado Sucralfato: https://dailymed.nlm.nih.gov/dailymed/drugInfo.cfm?setid=1e781cc0-24ec-4028-8262-dcef9873ea1f,DailyMed (FDA) — approved Sucralfate label: https://dailymed.nlm.nih.gov/dailymed/drugInfo.cfm?setid=1e781cc0-24ec-4028-8262-dcef9873ea1f,publicado
metoclopramida_alimentos_refeicao,metoclopramida,alimentos_refeicao,Refeições (recomendação de toma),Meals (administration advice),minor,A metoclopramida deve ser tomada antes das refeições para otimizar o efeito procinético.,Metoclopramide should be taken before meals to optimise the prokinetic effect.,Tomar 30 minutos antes das refeições.,Take 30 minutes before meals.,EMC-UK (MHRA) — SmPC aprovada Metoclopramida: https://www.medicines.org.uk/emc/product/6213/smpc,EMC-UK (MHRA) — approved Metoclopramide SmPC: https://www.medicines.org.uk/emc/product/6213/smpc,publicado
domperidona_alimentos_refeicao,domperidona,alimentos_refeicao,Refeições (recomendação de toma),Meals (administration advice),minor,A domperidona deve ser tomada antes das refeições para otimizar o efeito procinético.,Domperidone should be taken before meals to optimise the prokinetic effect.,Tomar 15–30 minutos antes das refeições.,Take 15–30 minutes before meals.,EMC-UK (MHRA) — SmPC aprovada Domperidona: https://www.medicines.org.uk/emc/product/3188/smpc,EMC-UK (MHRA) — approved Domperidone SmPC: https://www.medicines.org.uk/emc/product/3188/smpc,publicado
loperamida_alcool,loperamida,alcool,Álcool,Alcohol,moderate,O álcool potencia a depressão do sistema nervoso central associada à loperamida.,Alcohol potentiates the CNS depression associated with loperamide.,Evitar o consumo de álcool durante o tratamento.,Avoid alcohol during treatment.,EMC-UK (MHRA) — SmPC aprovada Loperamida: https://www.medicines.org.uk/emc/product/2986/smpc,EMC-UK (MHRA) — approved Loperamide SmPC: https://www.medicines.org.uk/emc/product/2986/smpc,publicado
butilbrometo_hioscina_alimentos_refeicao,butilbrometo_hioscina,alimentos_refeicao,Refeições (recomendação de toma),Meals (administration advice),minor,O butilbrometo de hioscina deve ser tomado antes das refeições para otimizar o efeito antiespasmódico.,Hyoscine butylbromide should be taken before meals to optimise the antispasmodic effect.,Tomar 30 minutos antes das refeições.,Take 30 minutes before meals.,EMC-UK (MHRA) — SmPC aprovada Butilbrometo de hioscina: https://www.medicines.org.uk/emc/product/1775/smpc,EMC-UK (MHRA) — approved Hyoscine butylbromide SmPC: https://www.medicines.org.uk/emc/product/1775/smpc,publicado
orlistat_refeicoes_gordurosas,orlistat,refeicoes_gordurosas,Refeições ricas em gordura,Fat-rich meals,moderate,"Refeições muito ricas em gordura aumentam os efeitos gastrointestinais do orlistato (esteatorreia, flatulência).","Very fatty meals increase orlistat gastrointestinal effects (steatorrhoea, flatulence).",Tomar o orlistato com ou até 1 hora após as refeições; manter dieta com gordura moderada.,Take orlistat with or up to 1 hour after meals; keep a moderate-fat diet.,EMC-UK (MHRA) — SmPC aprovada Orlistato: https://www.medicines.org.uk/emc/product/6533/smpc,EMC-UK (MHRA) — approved Orlistat SmPC: https://www.medicines.org.uk/emc/product/6533/smpc,publicado
orlistat_vitaminas_lipossoliveis,orlistat,vitaminas_lipossoliveis,"Suplementos de vitaminas lipossolúveis (A, D, E, K)","Fat-soluble vitamin supplements (A, D, E, K)",moderate,O orlistato reduz a absorção das vitaminas lipossolúveis.,Orlistat reduces absorption of fat-soluble vitamins.,Tomar suplementos multivitamínicos pelo menos 2 horas após o orlistato.,Take multivitamin supplements at least 2 hours after orlistat.,EMC-UK (MHRA) — SmPC aprovada Orlistato: https://www.medicines.org.uk/emc/product/6533/smpc,EMC-UK (MHRA) — approved Orlistat SmPC: https://www.medicines.org.uk/emc/product/6533/smpc,publicado
mesalazina_alimentos_refeicao,mesalazina,alimentos_refeicao,Refeições (recomendação de toma),Meals (administration advice),minor,Tomar a mesalazina com alimentos reduz o desconforto gastrointestinal.,Taking mesalazine with food reduces gastrointestinal discomfort.,"Tomar com alimentos, conforme a formulação.","Take with food, as per the formulation.",EMC-UK (MHRA) — SmPC aprovada Mesalazina: https://www.medicines.org.uk/emc/product/6167/smpc,EMC-UK (MHRA) — approved Mesalazine SmPC: https://www.medicines.org.uk/emc/product/6167/smpc,publicado
sulfassalazina_alimentos_refeicao,sulfassalazina,alimentos_refeicao,Refeições (recomendação de toma),Meals (administration advice),minor,"Os alimentos podem reduzir a absorção da sulfassalazina, mas melhoram a tolerância gastrointestinal.",Food may reduce sulfasalazine absorption but improves gastrointestinal tolerance.,Tomar com alimentos para reduzir a intolerância gástrica.,Take with food to reduce gastric intolerance.,EMC-UK (MHRA) — SmPC aprovada Sulfassalazina: https://www.medicines.org.uk/emc/product/6686/smpc,EMC-UK (MHRA) — approved Sulfasalazine SmPC: https://www.medicines.org.uk/emc/product/6686/smpc,publicado
acido_ursodesoxicolico_alimentos_refeicao,acido_ursodesoxicolico,alimentos_refeicao,Refeições (recomendação de toma),Meals (administration advice),minor,Tomar o ácido ursodesoxicólico com alimentos otimiza a sua dissolução e absorção.,Taking ursodeoxycholic acid with food optimises its dissolution and absorption.,Tomar às refeições.,Take with meals.,EMC-UK (MHRA) — SmPC aprovada Ácido ursodesoxicólico: https://www.medicines.org.uk/emc/product/101999/smpc,EMC-UK (MHRA) — approved Ursodeoxycholic acid SmPC: https://www.medicines.org.uk/emc/product/101999/smpc,publicado
omeprazol_alimentos_refeicao,omeprazol,alimentos_refeicao,Refeições (recomendação de toma),Meals (administration advice),minor,Os alimentos podem atrasar a absorção do omeprazol; a toma antes do pequeno-almoço otimiza a supressão ácida.,Food may delay omeprazole absorption; taking it before breakfast optimises acid suppression.,Tomar 30–60 minutos antes do pequeno-almoço.,Take 30–60 minutes before breakfast.,EMC-UK (MHRA) — SmPC aprovada Omeprazol: https://www.medicines.org.uk/emc/product/1509/smpc,EMC-UK (MHRA) — approved Omeprazole SmPC: https://www.medicines.org.uk/emc/product/1509/smpc,publicado
antiacidos_alimentos_refeicao,antiacidos,alimentos_refeicao,Refeições (recomendação de toma),Meals (administration advice),minor,Os antiácidos atuam mais eficazmente após as refeições e ao deitar.,Antacids work most effectively after meals and at bedtime.,Tomar 1–2 horas após as refeições e ao deitar.,Take 1–2 hours after meals and at bedtime.,DailyMed (FDA) — rótulo aprovado Antiácidos: https://dailymed.nlm.nih.gov/dailymed/drugInfo.cfm?setid=5e346dc0-69ce-4cc5-bb5d-bfa833e11c1f,DailyMed (FDA) — approved Antacids label: https://dailymed.nlm.nih.gov/dailymed/drugInfo.cfm?setid=5e346dc0-69ce-4cc5-bb5d-bfa833e11c1f,publicado
naproxeno_alcool,naproxeno,alcool,Álcool,Alcohol,moderate,O álcool agrava a irritação da mucosa gástrica e o risco hemorrágico associado aos AINE.,Alcohol worsens gastric mucosal irritation and the bleeding risk associated with NSAIDs.,Limitar ou evitar o consumo de álcool durante o tratamento.,Limit or avoid alcohol during treatment.,EMC-UK (MHRA) — SmPC aprovada Naproxeno: https://www.medicines.org.uk/emc/product/13237/smpc,EMC-UK (MHRA) — approved Naproxen SmPC: https://www.medicines.org.uk/emc/product/13237/smpc,publicado
naproxeno_alimentos,naproxeno,alimentos,Alimentos,Food,minor,Os alimentos retardam a absorção mas reduzem a irritação gástrica.,Food slows absorption but reduces gastric irritation.,Tomar com alimentos ou leite para reduzir o desconforto gástrico.,Take with food or milk to reduce stomach discomfort.,EMC-UK (MHRA) — SmPC aprovada Naproxeno: https://www.medicines.org.uk/emc/product/13237/smpc,EMC-UK (MHRA) — approved Naproxen SmPC: https://www.medicines.org.uk/emc/product/13237/smpc,publicado
celecoxib_alcool,celecoxib,alcool,Álcool,Alcohol,moderate,O álcool aumenta o risco de irritação/hemorragia gástrica.,Alcohol increases the risk of gastric irritation/bleeding.,Evitar álcool durante o tratamento.,Avoid alcohol during treatment.,EMC-UK (MHRA) — SmPC aprovada Celecoxib: https://www.medicines.org.uk/emc/product/5533/smpc,EMC-UK (MHRA) — approved Celecoxib SmPC: https://www.medicines.org.uk/emc/product/5533/smpc,publicado
celecoxib_alimentos,celecoxib,alimentos,Alimentos,Food,minor,A toma com alimentos pode atrasar ligeiramente a absorção sem afetar a eficácia.,Taking with food may slightly delay absorption without affecting efficacy.,Pode tomar com alimentos se houver desconforto gástrico.,May take with food if stomach discomfort occurs.,EMC-UK (MHRA) — SmPC aprovada Celecoxib: https://www.medicines.org.uk/emc/product/5533/smpc,EMC-UK (MHRA) — approved Celecoxib SmPC: https://www.medicines.org.uk/emc/product/5533/smpc,publicado
metotrexato_alcool,metotrexato,alcool,Álcool,Alcohol,moderate,O álcool potencia a hepatotoxicidade do metotrexato.,Alcohol potentiates methotrexate hepatotoxicity.,Evitar álcool durante o tratamento (risco hepático aditivo).,Avoid alcohol during treatment (additive liver risk).,EMC-UK (MHRA) — SmPC aprovada Metotrexato: https://www.medicines.org.uk/emc/product/511/smpc,EMC-UK (MHRA) — approved Methotrexate SmPC: https://www.medicines.org.uk/emc/product/511/smpc,publicado
metotrexato_alimentos,metotrexato,alimentos,Alimentos,Food,minor,A toma com alimentos reduz as náuseas associadas ao metotrexato.,Taking with food reduces methotrexate-related nausea.,Tomar com alimentos para melhorar a tolerância gastrointestinal.,Take with food to improve GI tolerance.,EMC-UK (MHRA) — SmPC aprovada Metotrexato: https://www.medicines.org.uk/emc/product/511/smpc,EMC-UK (MHRA) — approved Methotrexate SmPC: https://www.medicines.org.uk/emc/product/511/smpc,publicado
leflunomida_alcool,leflunomida,alcool,Álcool,Alcohol,moderate,O álcool aumenta o risco de lesão hepática.,Alcohol increases the risk of liver injury.,Evitar álcool durante o tratamento.,Avoid alcohol during treatment.,EMC-UK (MHRA) — SmPC aprovada Leflunomida: https://www.medicines.org.uk/emc/product/4944/smpc,EMC-UK (MHRA) — approved Leflunomide SmPC: https://www.medicines.org.uk/emc/product/4944/smpc,publicado
colchicina_toranja,colchicina,toranja,Toranja,Grapefruit,moderate,"A toranja inibe o CYP3A4 e a glicoproteína-P, elevando as concentrações de colchicina.","Grapefruit inhibits CYP3A4 and P-glycoprotein, raising colchicine concentrations.",Evitar sumo de toranja durante o tratamento.,Avoid grapefruit juice during treatment.,EMC-UK (MHRA) — SmPC aprovada Colchicina: https://www.medicines.org.uk/emc/product/14362/smpc,EMC-UK (MHRA) — approved Colchicine SmPC: https://www.medicines.org.uk/emc/product/14362/smpc,publicado
colchicina_alcool,colchicina,alcool,Álcool,Alcohol,minor,O álcool pode aumentar os efeitos gastrointestinais da colchicina.,Alcohol may increase the GI effects of colchicine.,Limitar o consumo de álcool.,Limit alcohol intake.,EMC-UK (MHRA) — SmPC aprovada Colchicina: https://www.medicines.org.uk/emc/product/14362/smpc,EMC-UK (MHRA) — approved Colchicine SmPC: https://www.medicines.org.uk/emc/product/14362/smpc,publicado
febuxostat_alcool,febuxostat,alcool,Álcool,Alcohol,moderate,O álcool aumenta a uricemia e pode precipitar crises de gota.,Alcohol raises serum urate and may trigger gout flares.,"Limitar ou evitar álcool, sobretudo cerveja, durante o tratamento.","Limit or avoid alcohol, especially beer, during treatment.",EMC-UK (MHRA) — SmPC aprovada Febuxostat: https://www.medicines.org.uk/emc/product/487/smpc,EMC-UK (MHRA) — approved Febuxostat SmPC: https://www.medicines.org.uk/emc/product/487/smpc,publicado
febuxostat_alimentos,febuxostat,alimentos,Alimentos,Food,minor,Os alimentos não alteram de forma relevante a absorção.,Food does not significantly alter absorption.,Pode tomar com ou sem alimentos.,May take with or without food.,EMC-UK (MHRA) — SmPC aprovada Febuxostat: https://www.medicines.org.uk/emc/product/487/smpc,EMC-UK (MHRA) — approved Febuxostat SmPC: https://www.medicines.org.uk/emc/product/487/smpc,publicado
alendronato_leite_calcio,alendronato,leite_calcio,Leite e laticínios,Milk and dairy products,moderate,O cálcio dos laticínios liga-se ao alendronato e impede a sua absorção.,Calcium in dairy binds alendronate and prevents its absorption.,"Não tomar com leite, iogurte ou derivados; tomar o alendronato em jejum com água simples e aguardar 30-60 min.","Do not take with milk, yoghurt or dairy; take alendronate on an empty stomach with plain water and wait 30-60 min.",EMC-UK (MHRA) — SmPC aprovada Alendronato: https://www.medicines.org.uk/emc/product/5206/smpc,EMC-UK (MHRA) — approved Alendronate SmPC: https://www.medicines.org.uk/emc/product/5206/smpc,publicado
alendronato_alimentos,alendronato,alimentos,Alimentos,Food,moderate,"Os alimentos, sobretudo os ricos em cálcio, reduzem marcadamente a absorção.","Food, especially calcium-rich food, markedly reduces absorption.",Tomar o alendronato em jejum (ao acordar) com água simples e não comer durante 30-60 min.,Take alendronate fasting (on waking) with plain water and do not eat for 30-60 min.,EMC-UK (MHRA) — SmPC aprovada Alendronato: https://www.medicines.org.uk/emc/product/5206/smpc,EMC-UK (MHRA) — approved Alendronate SmPC: https://www.medicines.org.uk/emc/product/5206/smpc,publicado
calcitriol_alimentos,calcitriol,alimentos,Alimentos ricos em cálcio,Calcium-rich food,minor,Dieta rica em cálcio adiciona-se ao efeito do calcitriol sobre a calcemia.,Calcium-rich diet adds to calcitriol effect on serum calcium.,Manter ingestão de cálcio equilibrada e vigiar calcemia na suplementação conjunta.,Keep calcium intake balanced and monitor serum calcium with concurrent supplementation.,EMC-UK (MHRA) — SmPC aprovada Calcitriol: https://www.medicines.org.uk/emc/product/101902/smpc,EMC-UK (MHRA) — approved Calcitriol SmPC: https://www.medicines.org.uk/emc/product/101902/smpc,publicado
aspirina_alcool,aspirina,alcool,Álcool,Alcohol,moderate,O álcool aumenta o risco de irritação e hemorragia gástrica.,Alcohol increases the risk of gastric irritation and bleeding.,"Evitar álcool, sobretudo em dose anti-inflamatória ou em doentes de risco.","Avoid alcohol, especially at anti-inflammatory doses or in at-risk patients.",EMC-UK (MHRA) — SmPC aprovada Ácido acetilsalicílico: https://www.medicines.org.uk/emc/product/8627/smpc,EMC-UK (MHRA) — approved Aspirin SmPC: https://www.medicines.org.uk/emc/product/8627/smpc,publicado
ibuprofeno_alcool,ibuprofeno,alcool,Álcool,Alcohol,moderate,O álcool agrava o risco de hemorragia gástrica associada ao AINE.,Alcohol worsens the NSAID-related gastric bleeding risk.,Limitar ou evitar o consumo de álcool.,Limit or avoid alcohol.,EMC-UK (MHRA) — SmPC aprovada Ibuprofeno: https://www.medicines.org.uk/emc/product/6713/smpc,EMC-UK (MHRA) — approved Ibuprofen SmPC: https://www.medicines.org.uk/emc/product/6713/smpc,publicado
ibuprofeno_alimentos,ibuprofeno,alimentos,Alimentos,Food,minor,A toma com alimentos reduz a irritação gástrica.,Taking with food reduces gastric irritation.,Tomar com alimentos ou leite se houver desconforto gástrico.,Take with food or milk if stomach discomfort occurs.,EMC-UK (MHRA) — SmPC aprovada Ibuprofeno: https://www.medicines.org.uk/emc/product/6713/smpc,EMC-UK (MHRA) — approved Ibuprofen SmPC: https://www.medicines.org.uk/emc/product/6713/smpc,publicado
diclofenac_alcool,diclofenac,alcool,Álcool,Alcohol,moderate,O álcool aumenta o risco de irritação e hemorragia gástrica.,Alcohol increases the risk of gastric irritation and bleeding.,Evitar álcool durante o tratamento.,Avoid alcohol during treatment.,EMC-UK (MHRA) — SmPC aprovada Diclofenac: https://www.medicines.org.uk/emc/product/4333/smpc,EMC-UK (MHRA) — approved Diclofenac SmPC: https://www.medicines.org.uk/emc/product/4333/smpc,publicado
alopurinol_alcool,alopurinol,alcool,Álcool,Alcohol,moderate,O álcool aumenta a uricemia e pode precipitar crises de gota.,Alcohol raises serum urate and may trigger gout flares.,"Limitar ou evitar álcool, sobretudo cerveja.","Limit or avoid alcohol, especially beer.",EMC-UK (MHRA) — SmPC aprovada Alopurinol: https://www.medicines.org.uk/emc/product/100235/smpc,EMC-UK (MHRA) — approved Allopurinol SmPC: https://www.medicines.org.uk/emc/product/100235/smpc,publicado
azatioprina_alimentos,azatioprina,alimentos,Alimentos,Food,minor,A toma com alimentos reduz as náuseas.,Taking with food reduces nausea.,Tomar com alimentos para melhorar a tolerância.,Take with food to improve tolerance.,EMC-UK (MHRA) — SmPC aprovada Azatioprina: https://www.medicines.org.uk/emc/product/14296/smpc,EMC-UK (MHRA) — approved Azathioprine SmPC: https://www.medicines.org.uk/emc/product/14296/smpc,publicado
prednisolona_alimentos,prednisolona,alimentos,Alimentos,Food,minor,A toma com alimentos reduz a irritação gástrica.,Taking with food reduces gastric irritation.,"Tomar com alimentos ou leite, de preferência de manhã.","Take with food or milk, preferably in the morning.",EMC-UK (MHRA) — SmPC aprovada Prednisolona: https://www.medicines.org.uk/emc/product/2427/smpc,EMC-UK (MHRA) — approved Prednisolone SmPC: https://www.medicines.org.uk/emc/product/2427/smpc,publicado
prednisolona_alcool,prednisolona,alcool,Álcool,Alcohol,minor,O álcool pode aumentar o risco gastrointestinal.,Alcohol may increase GI risk.,Limitar o consumo de álcool durante o tratamento.,Limit alcohol during treatment.,EMC-UK (MHRA) — SmPC aprovada Prednisolona: https://www.medicines.org.uk/emc/product/2427/smpc,EMC-UK (MHRA) — approved Prednisolone SmPC: https://www.medicines.org.uk/emc/product/2427/smpc,publicado
hidroxicloroquina_alimentos,hidroxicloroquina,alimentos,Alimentos,Food,minor,A toma com alimentos ou leite reduz as náuseas.,Taking with food or milk reduces nausea.,Tomar com alimentos ou leite para melhorar a tolerância.,Take with food or milk to improve tolerance.,EMC-UK (MHRA) — SmPC aprovada Hidroxicloroquina: https://www.medicines.org.uk/emc/product/11540/smpc,EMC-UK (MHRA) — approved Hydroxychloroquine SmPC: https://www.medicines.org.uk/emc/product/11540/smpc,publicado
cetirizina_alcool,cetirizina,alcool,Álcool,Alcohol,minor,O álcool pode potenciar a sonolência causada pela cetirizina.,Alcohol may potentiate cetirizine-induced drowsiness.,"Limitar o consumo de álcool, sobretudo se conduzir ou operar máquinas.","Limit alcohol, especially when driving or operating machinery.",EMC-UK (MHRA) — SmPC aprovada Cetirizina: https://www.medicines.org.uk/emc/product/3217/smpc,EMC-UK (MHRA) — approved Cetirizine SmPC: https://www.medicines.org.uk/emc/product/3217/smpc,publicado
cetirizina_alimentos,cetirizina,alimentos,Alimentos,Food,minor,Os alimentos não alteram de forma relevante a absorção da cetirizina.,Food does not significantly alter cetirizine absorption.,Pode tomar com ou sem alimentos.,May take with or without food.,EMC-UK (MHRA) — SmPC aprovada Cetirizina: https://www.medicines.org.uk/emc/product/3217/smpc,EMC-UK (MHRA) — approved Cetirizine SmPC: https://www.medicines.org.uk/emc/product/3217/smpc,publicado
loratadina_alcool,loratadina,alcool,Álcool,Alcohol,minor,O álcool pode potenciar a sonolência (rara com loratadina).,Alcohol may potentiate drowsiness (rare with loratadine).,Limitar o consumo de álcool em doentes suscetíveis.,Limit alcohol in susceptible patients.,EMC-UK (MHRA) — SmPC aprovada Loratadina: https://www.medicines.org.uk/emc/product/10942/smpc,EMC-UK (MHRA) — approved Loratadine SmPC: https://www.medicines.org.uk/emc/product/10942/smpc,publicado
loratadina_toranja,loratadina,toranja,Toranja,Grapefruit,moderate,A toranja (sumo) inibe o CYP3A4 e pode aumentar as concentrações de loratadina.,Grapefruit (juice) inhibits CYP3A4 and may raise loratadine concentrations.,Evitar sumo de toranja durante o tratamento.,Avoid grapefruit juice during treatment.,EMC-UK (MHRA) — SmPC aprovada Loratadina: https://www.medicines.org.uk/emc/product/10942/smpc,EMC-UK (MHRA) — approved Loratadine SmPC: https://www.medicines.org.uk/emc/product/10942/smpc,publicado
desloratadina_alcool,desloratadina,alcool,Álcool,Alcohol,minor,O álcool pode potenciar a sonolência.,Alcohol may potentiate drowsiness.,Limitar o consumo de álcool em doentes suscetíveis.,Limit alcohol in susceptible patients.,EMC-UK (MHRA) — SmPC aprovada Desloratadina: https://www.medicines.org.uk/emc/product/14722/smpc,EMC-UK (MHRA) — approved Desloratadine SmPC: https://www.medicines.org.uk/emc/product/14722/smpc,publicado
desloratadina_toranja,desloratadina,toranja,Toranja,Grapefruit,moderate,A toranja (sumo) pode aumentar as concentrações de desloratadina.,Grapefruit (juice) may raise desloratadine concentrations.,Evitar sumo de toranja durante o tratamento.,Avoid grapefruit juice during treatment.,EMC-UK (MHRA) — SmPC aprovada Desloratadina: https://www.medicines.org.uk/emc/product/14722/smpc,EMC-UK (MHRA) — approved Desloratadine SmPC: https://www.medicines.org.uk/emc/product/14722/smpc,publicado
fexofenadina_sumos_frutas,fexofenadina,sumos_frutas,"Sumo de laranja, maçã e toranja","Orange, apple and grapefruit juice",moderate,"Os sumos de laranja, maçã e toranja reduzem a absorção da fexofenadina (inibição do OATP).","Orange, apple and grapefruit juice reduce fexofenadine absorption (OATP inhibition).",Tomar a fexofenadina com água e separar dos sumos de fruta.,Take fexofenadine with water and separate from fruit juices.,EMC-UK (MHRA) — SmPC aprovada Fexofenadina: https://www.medicines.org.uk/emc/product/13208/smpc,EMC-UK (MHRA) — approved Fexofenadine SmPC: https://www.medicines.org.uk/emc/product/13208/smpc,publicado
fexofenadina_alcool,fexofenadina,alcool,Álcool,Alcohol,minor,O álcool pode potenciar a sonolência.,Alcohol may potentiate drowsiness.,Limitar o consumo de álcool.,Limit alcohol intake.,EMC-UK (MHRA) — SmPC aprovada Fexofenadina: https://www.medicines.org.uk/emc/product/13208/smpc,EMC-UK (MHRA) — approved Fexofenadine SmPC: https://www.medicines.org.uk/emc/product/13208/smpc,publicado
levocetirizina_alcool,levocetirizina,alcool,Álcool,Alcohol,moderate,O álcool pode potenciar a sonolência e reduzir o desempenho psicomotor.,Alcohol may potentiate drowsiness and impair psychomotor performance.,"Evitar álcool durante o tratamento, sobretudo ao conduzir.","Avoid alcohol during treatment, especially when driving.",EMC-UK (MHRA) — SmPC aprovada Levocetirizina: https://www.medicines.org.uk/emc/product/9917/smpc,EMC-UK (MHRA) — approved Levocetirizine SmPC: https://www.medicines.org.uk/emc/product/9917/smpc,publicado
difenidramina_alcool,difenidramina,alcool,Álcool,Alcohol,moderate,O álcool potencia marcadamente a sedação da difenidramina.,Alcohol markedly potentiates diphenhydramine sedation.,Evitar álcool durante o tratamento.,Avoid alcohol during treatment.,EMC-UK (MHRA) — SmPC aprovada Difenidramina: https://www.medicines.org.uk/emc/product/1476/smpc,EMC-UK (MHRA) — approved Diphenhydramine SmPC: https://www.medicines.org.uk/emc/product/1476/smpc,publicado
difenidramina_alimentos,difenidramina,alimentos,Alimentos,Food,minor,Os alimentos podem reduzir a irritação gástrica.,Food may reduce gastric irritation.,Pode tomar com alimentos se houver desconforto gástrico.,May take with food if stomach discomfort occurs.,EMC-UK (MHRA) — SmPC aprovada Difenidramina: https://www.medicines.org.uk/emc/product/1476/smpc,EMC-UK (MHRA) — approved Diphenhydramine SmPC: https://www.medicines.org.uk/emc/product/1476/smpc,publicado
dexametasona_toranja,dexametasona,toranja,Toranja,Grapefruit,moderate,A toranja (sumo) inibe o CYP3A4 e aumenta a exposição à dexametasona.,Grapefruit (juice) inhibits CYP3A4 and increases dexamethasone exposure.,Evitar sumo de toranja durante o tratamento.,Avoid grapefruit juice during treatment.,EMC-UK (MHRA) — SmPC aprovada Dexametasona: https://www.medicines.org.uk/emc/product/13196/smpc,EMC-UK (MHRA) — approved Dexamethasone SmPC: https://www.medicines.org.uk/emc/product/13196/smpc,publicado
dexametasona_alcool,dexametasona,alcool,Álcool,Alcohol,minor,O álcool pode aumentar o risco gastrointestinal.,Alcohol may increase GI risk.,Limitar o consumo de álcool durante o tratamento.,Limit alcohol during treatment.,EMC-UK (MHRA) — SmPC aprovada Dexametasona: https://www.medicines.org.uk/emc/product/13196/smpc,EMC-UK (MHRA) — approved Dexamethasone SmPC: https://www.medicines.org.uk/emc/product/13196/smpc,publicado
adrenalina_cafe_cha,adrenalina,cafe_cha,Café e bebidas com cafeína,Coffee and caffeinated drinks,minor,"A cafeína pode potenciar os efeitos adrenérgicos da adrenalina (tremores, taquicardia).","Caffeine may potentiate the adrenergic effects of epinephrine (tremor, tachycardia).",Limitar o consumo de cafeína durante o tratamento.,Limit caffeine intake during treatment.,EMC-UK (MHRA) — SmPC aprovada Adrenalina: https://www.medicines.org.uk/emc/product/3673/smpc,EMC-UK (MHRA) — approved Epinephrine SmPC: https://www.medicines.org.uk/emc/product/3673/smpc,publicado
pseudoefedrina_cafe_cha,pseudoefedrina,cafe_cha,Café e bebidas com cafeína,Coffee and caffeinated drinks,minor,"A cafeína pode potenciar os efeitos estimulantes da pseudoefedrina (taquicardia, insónia).","Caffeine may potentiate the stimulant effects of pseudoephedrine (tachycardia, insomnia).","Limitar o consumo de cafeína, sobretudo à noite.","Limit caffeine intake, especially at night.",EMC-UK (MHRA) — SmPC aprovada Pseudoefedrina: https://www.medicines.org.uk/emc/product/8292/smpc,EMC-UK (MHRA) — approved Pseudoephedrine SmPC: https://www.medicines.org.uk/emc/product/8292/smpc,publicado
pseudoefedrina_alcool,pseudoefedrina,alcool,Álcool,Alcohol,minor,O álcool pode potenciar os efeitos cardiovasculares.,Alcohol may potentiate the cardiovascular effects.,Limitar o consumo de álcool.,Limit alcohol intake.,EMC-UK (MHRA) — SmPC aprovada Pseudoefedrina: https://www.medicines.org.uk/emc/product/8292/smpc,EMC-UK (MHRA) — approved Pseudoephedrine SmPC: https://www.medicines.org.uk/emc/product/8292/smpc,publicado
budesonida_toranja,budesonida,toranja,Toranja,Grapefruit,moderate,A toranja (sumo) inibe o CYP3A4 e aumenta a exposição à budesonida.,Grapefruit (juice) inhibits CYP3A4 and increases budesonide exposure.,Evitar sumo de toranja durante o tratamento.,Avoid grapefruit juice during treatment.,EMC-UK (MHRA) — SmPC aprovada Budesonida: https://www.medicines.org.uk/emc/product/9715/smpc,EMC-UK (MHRA) — approved Budesonide SmPC: https://www.medicines.org.uk/emc/product/9715/smpc,publicado
budesonida_alcool,budesonida,alcool,Álcool,Alcohol,minor,O álcool pode potenciar o risco gastrointestinal dos corticosteroides.,Alcohol may potentiate the GI risk of corticosteroids.,Limitar o consumo de álcool.,Limit alcohol intake.,EMC-UK (MHRA) — SmPC aprovada Budesonida: https://www.medicines.org.uk/emc/product/9715/smpc,EMC-UK (MHRA) — approved Budesonide SmPC: https://www.medicines.org.uk/emc/product/9715/smpc,publicado
midodrina_cafe_cha,midodrina,cafe_cha,Café e bebidas com cafeína,Coffee and caffeinated drinks,minor,A cafeína pode potenciar o efeito pressor da midodrina.,Caffeine may potentiate the pressor effect of midodrine.,Limitar o consumo de cafeína.,Limit caffeine intake.,EMC-UK (MHRA) — SmPC aprovada Midodrina: https://www.medicines.org.uk/emc/product/12040/smpc,EMC-UK (MHRA) — approved Midodrine SmPC: https://www.medicines.org.uk/emc/product/12040/smpc,publicado
glicose_alcool,glicose,alcool,Álcool,Alcohol,minor,O álcool pode causar hipoglicemia e perturbar o controlo glicémico durante a nutrição.,Alcohol may cause hypoglycaemia and disturb glycaemic control during nutrition.,Evitar álcool durante a nutrição entérica/parentérica.,Avoid alcohol during enteral/parenteral nutrition.,EMC-UK (MHRA) — SmPC aprovada Glicose (dextrose): https://www.medicines.org.uk/emc/product/13132/smpc,EMC-UK (MHRA) — approved Glucose (dextrose) SmPC: https://www.medicines.org.uk/emc/product/13132/smpc,publicado
glicose_alimentos,glicose,alimentos,Alimentos,Food,minor,A carga glucídica alimentar soma-se à glicose administrada.,Dietary carbohydrate load adds to administered glucose.,Distribuir a ingestão de hidratos de carbono ao longo do dia.,Spread carbohydrate intake throughout the day.,EMC-UK (MHRA) — SmPC aprovada Glicose (dextrose): https://www.medicines.org.uk/emc/product/13132/smpc,EMC-UK (MHRA) — approved Glucose (dextrose) SmPC: https://www.medicines.org.uk/emc/product/13132/smpc,publicado
aminoacidos_alimentos,aminoacidos,alimentos,Alimentos,Food,minor,A ingestão proteica oral deve ser considerada no total diário de aminoácidos.,Oral protein intake should be counted towards the daily amino acid total.,Ajustar o aporte de aminoácidos parentéricos à ingestão oral de proteínas.,Adjust parenteral amino acid provision to oral protein intake.,EMC-UK (MHRA) — SmPC aprovada Aminoácidos: https://www.medicines.org.uk/emc/product/15230/smpc,EMC-UK (MHRA) — approved Amino acids SmPC: https://www.medicines.org.uk/emc/product/15230/smpc,publicado
emulsao_lipidica_alimentos,emulsao_lipidica,alimentos,Alimentos,Food,minor,Os lípidos orais somam-se ao aporte lipídico da emulsão.,Oral lipids add to the lipid load of the emulsion.,Considerar a ingestão oral de gordura ao calcular a dose lipídica.,Consider oral fat intake when calculating the lipid dose.,EMC-UK (MHRA) — SmPC aprovada Emulsão lipídica: https://www.medicines.org.uk/emc/product/15164/smpc,EMC-UK (MHRA) — approved Lipid emulsion SmPC: https://www.medicines.org.uk/emc/product/15164/smpc,publicado
colecalciferol_alimentos,colecalciferol,alimentos,Alimentos,Food,moderate,As refeições ricas em gordura aumentam a absorção do colecalciferol.,Fat-rich meals increase cholecalciferol absorption.,Tomar a vitamina D3 com a refeição principal.,Take vitamin D3 with the main meal.,EMC-UK (MHRA) — SmPC aprovada Colecalciferol (vitamina D3): https://www.medicines.org.uk/emc/product/7263/smpc,EMC-UK (MHRA) — approved Cholecalciferol (vitamin D3) SmPC: https://www.medicines.org.uk/emc/product/7263/smpc,publicado
acido_ascorbico_alimentos,acido_ascorbico,alimentos,Alimentos,Food,minor,Tomar com alimentos reduz o desconforto gástrico da vitamina C.,Taking with food reduces vitamin C gastric discomfort.,"Pode tomar com ou sem alimentos, conforme a tolerância.","May take with or without food, according to tolerance.",EMC-UK (MHRA) — SmPC aprovada Ácido ascórbico (vitamina C): https://www.medicines.org.uk/emc/product/102185/smpc,EMC-UK (MHRA) — approved Ascorbic acid (vitamin C) SmPC: https://www.medicines.org.uk/emc/product/102185/smpc,publicado
carbonato_calcio_alimentos,carbonato_calcio,alimentos,Alimentos,Food,moderate,A toma com alimentos (ácidos/citratos) melhora a absorção do carbonato de cálcio.,Taking with food (acids/citrates) improves calcium carbonate absorption.,Tomar o cálcio com a refeição para melhor absorção.,Take calcium with a meal for better absorption.,EMC-UK (MHRA) — SmPC aprovada Carbonato de cálcio: https://www.medicines.org.uk/emc/product/1295/smpc,EMC-UK (MHRA) — approved Calcium carbonate SmPC: https://www.medicines.org.uk/emc/product/1295/smpc,publicado
carbonato_calcio_leite_lacticinios,carbonato_calcio,leite_lacticinios,Leite e lacticínios (cálcio),Milk and dairy products (calcium),moderate,Doses elevadas de cálcio com leite/lacticínios podem causar síndrome leite-álcali.,High calcium doses with milk/dairy may cause milk-alkali syndrome.,Evitar doses muito elevadas de cálcio juntamente com grandes quantidades de leite.,Avoid very high calcium doses together with large amounts of milk.,EMC-UK (MHRA) — SmPC aprovada Carbonato de cálcio: https://www.medicines.org.uk/emc/product/1295/smpc,EMC-UK (MHRA) — approved Calcium carbonate SmPC: https://www.medicines.org.uk/emc/product/1295/smpc,publicado
cloreto_potassio_substitutos_sal,cloreto_potassio,substitutos_sal,Substitutos de sal (cloreto de potássio),Salt substitutes (potassium chloride),moderate,Os substitutos de sal contêm cloreto de potássio e aumentam o aporte de K+.,Salt substitutes contain potassium chloride and increase K+ intake.,Avisar os doentes a suplementos de potássio para não usar substitutos de sal.,Advise patients on potassium supplements not to use salt substitutes.,EMC-UK (MHRA) — SmPC aprovada Cloreto de potássio: https://www.medicines.org.uk/emc/product/959/smpc,EMC-UK (MHRA) — approved Potassium chloride SmPC: https://www.medicines.org.uk/emc/product/959/smpc,publicado
cloreto_potassio_alimentos_ricos_potassio,cloreto_potassio,alimentos_ricos_potassio,Alimentos ricos em potássio,Potassium-rich foods,moderate,"Banana, espinafres e leguminosas adicionam potássio à suplementação.","Banana, spinach and pulses add potassium to supplementation.","Moderar alimentos ricos em potássio durante a suplementação, sobretudo em doentes de risco.","Moderate potassium-rich foods during supplementation, especially in at-risk patients.",EMC-UK (MHRA) — SmPC aprovada Cloreto de potássio: https://www.medicines.org.uk/emc/product/959/smpc,EMC-UK (MHRA) — approved Potassium chloride SmPC: https://www.medicines.org.uk/emc/product/959/smpc,publicado
sulfato_magnesio_alcool,sulfato_magnesio,alcool,Álcool,Alcohol,minor,O consumo crónico de álcool aumenta a perda renal de magnésio.,Chronic alcohol use increases renal magnesium loss.,Moderar o consumo de álcool durante a suplementação de magnésio.,Moderate alcohol intake during magnesium supplementation.,EMC-UK (MHRA) — SmPC aprovada Sulfato de magnésio: https://www.medicines.org.uk/emc/product/10502/smpc,EMC-UK (MHRA) — approved Magnesium sulfate SmPC: https://www.medicines.org.uk/emc/product/10502/smpc,publicado
zinco_cafe_cha,zinco,cafe_cha,"Café, chá e outras bebidas com taninos","Coffee, tea and tannin-containing drinks",minor,Os taninos do chá e do café reduzem a absorção do zinco.,Tannins in tea and coffee reduce zinc absorption.,Separar a toma de zinco das bebidas com taninos por 1-2 horas.,Separate zinc dosing from tannin-containing drinks by 1-2 hours.,EMC-UK (MHRA) — SmPC aprovada Zinco (sulfato de zinco): https://www.medicines.org.uk/emc/product/4930/smpc,EMC-UK (MHRA) — approved Zinc (zinc sulfate) SmPC: https://www.medicines.org.uk/emc/product/4930/smpc,publicado
zinco_alimentos,zinco,alimentos,Alimentos (fitatos dos cereais),Food (cereal phytates),minor,Os fitatos dos cereais integrais reduzem a absorção do zinco.,Wholegrain phytates reduce zinc absorption.,Tomar o zinco entre refeições ou separado dos cereais integrais.,Take zinc between meals or away from wholegrains.,EMC-UK (MHRA) — SmPC aprovada Zinco (sulfato de zinco): https://www.medicines.org.uk/emc/product/4930/smpc,EMC-UK (MHRA) — approved Zinc (zinc sulfate) SmPC: https://www.medicines.org.uk/emc/product/4930/smpc,publicado
